gamma,k,fingerprint_length,n_recipients,sk,id,embedding_ratio,recipient_id,Horizontal_Distance_To_Hydrology_Vertical_Distance_To_Hydrology,Elevation_Horizontal_Distance_To_Roadways,Aspect_Hillshade_9am,Slope_Hillshade_Noon,Aspect_Hillshade_3pm,Hillshade_9am_Hillshade_3pm
2,300,64,20,100,0,0.5,0,0.09767831353845369,0.0009831112986314042,-0.0016385892529778828,-0.04403968802129509,0.00015402176846802406,-0.00047380886785882906
2,300,64,20,101,0,0.5,0,0.11409297990488078,0.0017472426847956132,-0.0006650846478721839,-0.037815251340187976,0.0011164032696703823,-6.880376710993433e-05
2,300,64,20,102,0,0.5,0,0.1048899968031916,0.001283819348315432,-0.002555516042668395,-0.04353600135387067,0.0003798376112084125,-0.0012461048329831857
2,300,64,20,103,0,0.5,0,0.09890167929762891,0.0019016061071881352,-0.0014936986462098587,-0.04110085147405919,0.001170939606806385,-0.0017443059401073325
2,300,64,20,104,0,0.5,0,0.10083875282137973,0.00030711432160902613,-0.0002590510079037408,-0.035222266925302406,0.0008095373673993024,-0.0011645441768552245
2,300,64,20,105,0,0.5,0,0.09838932494366001,0.00042444988598985085,-0.002540517229814684,-0.03408016730405156,0.0005023591486153711,-0.0002769103550082214
2,300,64,20,106,0,0.5,0,0.09652987669344337,0.002988217786804621,-0.002194111023084122,-0.03652264923338281,0.0012979866263609788,-0.0006651821932444559
2,300,64,20,107,0,0.5,0,0.10850132608929361,0.0015046303345842215,-0.0015164928204713837,-0.03457110381322408,0.0003666595781871966,-0.0009289897118349773
2,300,64,20,108,0,0.5,0,0.10606690503747516,0.0037904586570644758,-0.0010760412665010597,-0.03386171249474464,0.0008752470295187993,-0.0009803847099034895
2,300,64,20,109,0,0.5,0,0.09686583383333552,0.0030635149508121723,-0.0007331599544489747,-0.038770166810601504,0.00046253803759902504,-0.0007558108147214444
2,300,128,20,100,0,0.5,0,0.09636466604478289,0.0014878478210357644,-0.0023733044340339096,-0.042518818939019126,9.894952494329363e-06,-0.0006819597078233923
2,300,128,20,101,0,0.5,0,0.11032340820546625,0.001913753943313492,-0.0005823458099143333,-0.03589396301081452,0.0009321690272776661,-0.00021176723593882845
2,300,128,20,102,0,0.5,0,0.10557006030347951,0.0006007612955842923,-0.002252295203218755,-0.04244310593730907,0.000926521976373864,-0.001045785809886198
2,300,128,20,103,0,0.5,0,0.10010218311365132,0.0012782441752075917,-0.00016019832603566875,-0.04305080435283662,0.0004032303362139616,-0.0007187831268216711
2,300,128,20,104,0,0.5,0,0.10265104542883166,0.002637132759907702,-0.0007011881547100892,-0.034486328570543526,0.0008739182639312412,-0.0005528483671326109
2,300,128,20,105,0,0.5,0,0.09897571781704201,0.001141972182650873,-0.002126714749031011,-0.034266886510824386,0.0004505320734372058,-0.0007977903917640439
2,300,128,20,106,0,0.5,0,0.10117741217460964,0.0040588440651179265,-0.002595467810617862,-0.03586338294151139,0.0004891917418307755,-0.001018890485389295
2,300,128,20,107,0,0.5,0,0.116544221409317,0.001133088522899913,-0.0014071333914179138,-0.03410846822792744,0.000394662914830667,-0.0009385286990479546
2,300,128,20,108,0,0.5,0,0.10832553648318327,0.00475347668200078,-0.0005209565810469667,-0.03344951968266353,1.4423844383131352e-06,-0.0006683294935450164
2,300,128,20,109,0,0.5,0,0.10018938673754041,0.005219852446026687,-4.1507122091359694e-05,-0.03729359028270947,0.0007763398842947208,-0.00022053224263547167
2,300,256,20,100,0,0.5,0,0.09212153489686266,0.0014520572419639733,-0.0027131502237568617,-0.04150810234013291,0.00021532374065512535,-0.0003355904044069554
2,300,256,20,101,0,0.5,0,0.1133632256298495,0.0012243370735354501,-0.00021459206812301466,-0.03891449519003382,0.00029648028727431215,-0.00035342735938550846
2,300,256,20,102,0,0.5,0,0.10446539997316658,0.002000110886560527,-0.0014482014006063294,-0.040488051157527724,0.0003774894530269247,-0.0011416693354454846
2,300,256,20,103,0,0.5,0,0.10066117803990726,0.0026713755741040405,-0.0009202392554440369,-0.04413988179235758,0.0003583248355252781,-0.0012962046516160296
2,300,256,20,104,0,0.5,0,0.1088261518136539,0.0021889771789166783,-0.00025192408198131713,-0.03530179386272107,0.00027746934520786373,-0.0006819810997507396
2,300,256,20,105,0,0.5,0,0.10020915986138866,0.00029750403318542194,-0.0014917534827071622,-0.0345810687032039,0.00021063171020213446,-0.0003062223215973049
2,300,256,20,106,0,0.5,0,0.09618210465594791,0.005156311627751753,-0.0036343137325143605,-0.03444752887470852,0.00023156627912792889,-0.0010998339365947542
2,300,256,20,107,0,0.5,0,0.11282864398177302,0.0007104483378431849,-0.0003242329025834384,-0.03434953870089385,0.0011853642497453726,-0.0012190831552660979
2,300,256,20,108,0,0.5,0,0.10697372767655328,0.0032602114824617323,-0.0008630817767207382,-0.0372146545494815,0.0008270695388146766,-0.0009842705235674216
2,300,256,20,109,0,0.5,0,0.09910782409883036,0.0016718591980837056,-0.0015305127294032476,-0.03505553241969523,1.4377161830868304e-05,-0.0005528106538572605
2,500,64,20,100,0,0.5,0,0.10423097213361046,0.00026327533787533604,-0.0017501392746431942,-0.04740744757540632,0.0002591609371835896,-5.0969333129412225e-05
2,500,64,20,101,0,0.5,0,0.1169569039887778,0.0008856009150237274,-0.0010371773392807014,-0.041501616293714835,0.002099792142216918,-0.0009099127129406497
2,500,64,20,102,0,0.5,0,0.10855855076498351,0.0002417437039505563,-0.002878565871982852,-0.04844942410174029,0.0006456521564745158,-0.0012383562271299326
2,500,64,20,103,0,0.5,0,0.106699958587488,0.0034885628143189636,-0.0024009200132971446,-0.04589665501663731,0.0006531318489971001,-0.0006580705300611293
2,500,64,20,104,0,0.5,0,0.10844238842736102,0.00019899048473048691,-0.0008464813587487405,-0.04008332213500281,0.0016809669450105352,-0.001635845365893667
2,500,64,20,105,0,0.5,0,0.10597027361335452,0.001170011730399608,-0.002674399282108833,-0.03963931037012274,0.0013922283732788275,-0.00023476089533785836
2,500,64,20,106,0,0.5,0,0.10335907952705117,0.0022273891533858155,-0.0027107126779231734,-0.039237002269304135,0.0009674382172428159,-1.102838623122044e-05
2,500,64,20,107,0,0.5,0,0.11088959697991353,0.0006327558380654915,-0.00032535235728632753,-0.03829861019638971,0.0009880684315524877,-0.0003118365688583082
2,500,64,20,108,0,0.5,0,0.11517963658050095,0.0049376354460869566,-0.0012138219088481494,-0.03777547194350414,0.00017455890875955576,-0.00027246040558156055
2,500,64,20,109,0,0.5,0,0.10094495778327442,0.0036824415873272344,-0.0006418766172251377,-0.04266127171662361,0.0015525114359991295,-0.00029246965097691816
2,500,128,20,100,0,0.5,0,0.10195527496719997,0.0021396165041052298,-0.0027222762859186985,-0.04604461745227051,0.0004504042093568263,-0.0003450386661494973
2,500,128,20,101,0,0.5,0,0.11285804295933528,0.001044082276406969,-0.001330966990996493,-0.04041045198123242,0.0014335900375977092,-0.00010999503159580961
2,500,128,20,102,0,0.5,0,0.10904466789806375,0.00021872059737925402,-0.002755518610345825,-0.0471024561388197,0.00015002117998628913,-0.0006709882175383797
2,500,128,20,103,0,0.5,0,0.10655946857437311,0.0020722739302381677,-0.0011064340339390695,-0.04811472402975726,0.0006708442670243323,-0.00010184018715662475
2,500,128,20,104,0,0.5,0,0.11193954150097767,0.0038550183878998546,-0.00032818759671200546,-0.03828404023327121,0.00013840495564722413,-0.0003583943922002614
2,500,128,20,105,0,0.5,0,0.10793719862932932,0.00015239809386421562,-0.0016157230694625292,-0.0383968923070289,0.0006477720465232613,-9.571923926949951e-05
2,500,128,20,106,0,0.5,0,0.10649726213636507,0.003353133117912536,-0.0038400336286501364,-0.03862195236165249,0.0001162019516201758,-0.0006021809198891405
2,500,128,20,107,0,0.5,0,0.1199522822481906,0.0003762607943267567,-0.0009301626350617253,-0.03783473956083886,0.0019133115187368846,-0.00019377083875330177
2,500,128,20,108,0,0.5,0,0.1146003169193666,0.005682840670382057,-0.0009266487342736975,-0.036265472983606606,0.0007864831039300654,-0.00018714986386855317
2,500,128,20,109,0,0.5,0,0.10692824985640144,0.005399046878683257,-0.0002726463299301518,-0.04070638315528883,0.0016402412613734083,-0.00012307438192378528
2,500,256,20,100,0,0.5,0,0.0967565947181505,0.002153511253923014,-0.0028919904342865886,-0.04478243450546372,0.0007465921371387193,-0.0003235756969144794
2,500,256,20,101,0,0.5,0,0.11817970106289254,0.0005171028609955163,-0.00011619045928565622,-0.04199859230844702,0.0012987871854170877,-0.0006671711412400663
2,500,256,20,102,0,0.5,0,0.10814379572990182,0.0010693356936967739,-0.0016006750573378692,-0.04550326298785788,0.00014780821699170906,-0.0012873994134547126
2,500,256,20,103,0,0.5,0,0.11008308245028584,0.0035586352344028037,-0.002611915364016254,-0.048525637109583325,0.0007407142674183512,-0.0004999624634597194
2,500,256,20,104,0,0.5,0,0.11749241879134616,0.0030059795525761396,-0.00037001053289957006,-0.0404778393486125,0.0001762208436971983,-9.221118597139277e-05
2,500,256,20,105,0,0.5,0,0.10757516789319335,0.0005667589096777658,-0.0021221182577973907,-0.0394037883258435,0.0012733018023499548,-0.001362057538737407
2,500,256,20,106,0,0.5,0,0.10347727054003351,0.004163370299187401,-0.004685869861628923,-0.0379474671894553,0.0007260490855749088,-0.0002475987945863602
2,500,256,20,107,0,0.5,0,0.11817970106289254,0.0005171028609955163,-0.00011619045928565622,-0.04199859230844702,0.0012987871854170877,-0.0006671711412400663
2,500,256,20,108,0,0.5,0,0.11817970106289254,0.0005171028609955163,-0.00011619045928565622,-0.04199859230844702,0.0012987871854170877,-0.0006671711412400663
2,500,256,20,109,0,0.5,0,0.11817970106289254,0.0005171028609955163,-0.00011619045928565622,-0.04199859230844702,0.0012987871854170877,-0.0006671711412400663
4,300,64,20,100,0,0.25,0,0.05116923814438132,4.748715763770655e-05,-0.001323514413829929,-0.02433647223630707,0.00015038953299113868,-0.0003120735012134756
4,300,64,20,101,0,0.25,0,0.05642815226296287,0.0004956524763819402,-0.0003203782133384547,-0.02139157374724546,0.0003218216463343157,-0.00033547111437659213
4,300,64,20,102,0,0.25,0,0.053726165784097474,0.00013886569461085303,-0.0010484797072768445,-0.0214633152401552,0.0002612728098613363,-0.0006126726187609597
4,300,64,20,103,0,0.25,0,0.046635319700295566,0.0018326084331191743,-0.00014435413794485188,-0.022052339450579616,0.00046390118579014495,-0.0009142085384641903
4,300,64,20,104,0,0.25,0,0.05704741000654989,0.0012252943057055124,-0.0009226887492306299,-0.016499213263430103,0.0003432758818089546,-0.00032769840938868524
4,300,64,20,105,0,0.25,0,0.05028114038190956,0.0011397480468421858,-0.0023711590489304294,-0.013432899922403405,0.00022823321977372252,-0.0002200723323488186
4,300,64,20,106,0,0.25,0,0.04915929776623127,0.0013458393841190882,-0.0003515460950065473,-0.01649174044100159,0.0003034402693492312,-0.00017062140053160246
4,300,64,20,107,0,0.25,0,0.05625400055660068,0.0004101997448707874,-0.0005898509088868775,-0.018759142875081625,0.0005035899119381408,-0.0003534796680901555
4,300,64,20,108,0,0.25,0,0.04753570071274057,0.002421548462791138,-0.000627481651587848,-0.017708899012251776,0.0007011092857522602,-0.0002498500798028509
4,300,64,20,109,0,0.25,0,0.049079287947289926,0.0028919257999333154,-0.0003797044609976492,-0.0206145978780754,0.0005996609569123781,-8.732987637466624e-05
4,300,128,20,100,0,0.25,0,0.05081777872591387,0.0005690208091002658,-0.0017017667943368022,-0.02375050927438741,0.0002822476465177724,-4.225713144821069e-05
4,300,128,20,101,0,0.25,0,0.05436848392332905,0.0008360117251101339,-0.00010647910112802946,-0.02024904807306705,0.00028341355153898543,-0.0006232451721160226
4,300,128,20,102,0,0.25,0,0.05356655261935377,0.0002961416082005283,-0.0013409836396855962,-0.021874325357186596,0.00014808830622431638,-0.0005283453807354567
4,300,128,20,103,0,0.25,0,0.04667433036004736,0.001912066841972925,-0.0008761812730828021,-0.02251029875147081,0.0004804262037438175,-7.580624961458016e-05
4,300,128,20,104,0,0.25,0,0.055706228312258826,0.0003477419722291741,-0.001391878244473459,-0.015385059743354749,0.0009699769068400226,-3.321485991552947e-05
4,300,128,20,105,0,0.25,0,0.0510900485322965,0.0023992584660255632,-0.0011077785183864104,-0.014587142840464107,0.00021661360194928577,-0.00033601594873882963
4,300,128,20,106,0,0.25,0,0.05205533232269875,0.0025938522672797034,-0.000630979500868926,-0.016374810847650273,3.994437186877595e-05,-0.00029076664625942534
4,300,128,20,107,0,0.25,0,0.058055391124327206,0.00040669243624633105,-0.0011309267632137116,-0.01873244224467762,0.0007881277927283927,-0.00016184536173282656
4,300,128,20,108,0,0.25,0,0.05064062525550549,0.0021955918114388204,-2.1211452307073076e-05,-0.017018849594263922,0.0005194944289960158,-0.00036897343612190913
4,300,128,20,109,0,0.25,0,0.04976974958776473,0.003698720312251185,-0.0005209642745201244,-0.019025926285492625,0.0010280434815474922,-2.875282731315968e-05
4,300,256,20,100,0,0.25,0,0.04944458957950535,0.001021222864567479,-0.00122341610059204,-0.023001646314518075,0.00021242540840721137,-0.0002946542922619511
4,300,256,20,101,0,0.25,0,0.054440697884694945,0.0007553387523738979,-0.0008335411753149793,-0.021792813475994138,6.202930486281061e-05,-0.00041921880378001483
4,300,256,20,102,0,0.25,0,0.05176547031951771,0.0014836561015000493,-0.0003723261688044256,-0.019723863925902318,0.00019446326395879243,-0.0005944708110417739
4,300,256,20,103,0,0.25,0,0.04806471103032124,0.002497606922734365,-7.583570235339694e-05,-0.022642806259567393,0.00026758542202685376,-9.908992586980023e-05
4,300,256,20,104,0,0.25,0,0.061268852280136815,0.0006857249352514295,-0.001399346948286028,-0.01624881284152628,0.0005938996220803205,-0.00038953596302684435
4,300,256,20,105,0,0.25,0,0.05443982747768181,0.0012864414158369807,-0.0007013355020730689,-0.013385779751650794,0.0003874379988423011,-0.00016146836121123378
4,300,256,20,106,0,0.25,0,0.04791144827121868,0.0016756646293222613,-0.0012975702464994546,-0.015106719048715543,1.3686254939836595e-05,-0.0007740308474803983
4,300,256,20,107,0,0.25,0,0.05743411630643403,0.0004325351811519129,-0.0009373637157752308,-0.018693364008471762,0.0012567250338517582,-0.0006405027953079491
4,300,256,20,108,0,0.25,0,0.04807294307875337,0.0018697074571539488,-0.00023478341283814487,-0.017667740232461822,0.000687958767371274,-7.300156582874244e-05
4,300,256,20,109,0,0.25,0,0.049844452012054875,0.0005841610723517874,-0.0009725739086763238,-0.017747328663999112,9.490167370315765e-05,-0.00047985405567086754
4,500,64,20,100,0,0.25,0,0.05464144806514166,0.0003006720895386628,-0.001394613284130463,-0.026110989451888212,0.0005082941400462607,-0.00023551511700679024
4,500,64,20,101,0,0.25,0,0.059254722050969225,0.0010206342119871252,-0.0001700409459115628,-0.023538082604963616,0.00026517905675650915,-0.00043337247143846385
4,500,64,20,102,0,0.25,0,0.05579376618819539,0.0004612102477044202,-0.0013902253138733823,-0.023977175846872117,0.0006025182719631221,-0.00026618434235538085
4,500,64,20,103,0,0.25,0,0.04863370216015087,0.002635760542263217,-0.0006296290995632971,-0.024500661396025008,0.00035798129323822184,-0.0005031890801425169
4,500,64,20,104,0,0.25,0,0.06100778526374665,0.0009225844044967056,-0.00043790291325907285,-0.01940757944974104,0.0005659679473858285,-0.0005423090289522597
4,500,64,20,105,0,0.25,0,0.05283029459410907,0.0005666299908432087,-0.002431321459587785,-0.01586427470206217,0.00011073725840373212,-0.00022536741639813453
4,500,64,20,106,0,0.25,0,0.05195640346951234,0.0008242161270676659,-0.0007793395359609125,-0.017710241854845068,0.00032918007384877875,-0.0002293953000507994
4,500,64,20,107,0,0.25,0,0.05777146780881581,2.7834561966320583e-05,-0.0004388577956699291,-0.020224037715991284,0.0005774196917848553,-0.00020649478077773434
4,500,64,20,108,0,0.25,0,0.053172822460260984,0.0032199522875328277,-0.00033044140142207955,-0.019333427060947574,9.010129976402875e-05,-0.0007095207970173639
4,500,64,20,109,0,0.25,0,0.05142916368131838,0.0032348103872323892,-0.0007632810223604229,-0.02274861352020283,0.0006744986601594868,-2.5154046740022863e-05
4,500,128,20,100,0,0.25,0,0.05365549928157353,0.0010177402407111498,-0.0016774290968693667,-0.025787316105376563,0.0009167787821122116,-0.0003743487683243987
4,500,128,20,102,0,0.25,0,0.05643066808739715,0.000165392257778942,-0.001525788010055636,-0.024152593555949106,0.0007075148131208916,-0.00019512312546059074
4,500,128,20,103,0,0.25,0,0.04974125730056414,0.0024270115436146157,-0.0002743941097265528,-0.0249874607771576,0.0007127416552730539,-0.00023609669552011563
4,500,128,20,104,0,0.25,0,0.06104925003920104,0.0007858887030295765,-0.0008070531447037277,-0.018026646893300746,0.0010704536295288666,-0.0002799809262418223
4,500,128,20,105,0,0.25,0,0.05605323102814911,0.0018492383771371022,-0.0007105248847526605,-0.01655836844847184,0.0002455649092468749,-0.00034540819874736466
4,500,128,20,106,0,0.25,0,0.054667057542530505,0.0022618248284925653,-0.0009376254086534906,-0.017499105918450466,0.000325312662686317,-0.00017070015058196137
4,500,128,20,107,0,0.25,0,0.05990601040777229,0.000752068002260146,-0.0012057085262726387,-0.02043287034239456,0.0014260083798635246,-0.00022717700572229933
4,500,128,20,108,0,0.25,0,0.05347346009104454,0.0027786057403683287,-0.0005203140342919943,-0.018428969120075515,0.00035922641809237385,-0.0003784970009547471
4,500,128,20,109,0,0.25,0,0.0539884876288887,0.003873890801030174,-0.00033762256108140404,-0.020316183067395632,0.0005749004856058005,-0.000563887755831757
4,500,256,20,100,0,0.25,0,0.051983068798993164,0.0014150602167623835,-0.0011678902993839712,-0.024517261703982156,0.0006301079074303189,-0.0005044801883045697
4,500,256,20,102,0,0.25,0,0.053995589634778594,0.000931514017013612,-0.00043716077676707505,-0.022019221481520183,5.987688498406662e-07,-0.00045607101542562156
4,500,256,20,103,0,0.25,0,0.051138742137361685,0.002952332501786121,-0.0008871155953438652,-0.024637868279649068,0.0006400902954844164,-0.00026608647955416365
4,500,256,20,104,0,0.25,0,0.06612489714831896,0.0009955936484229975,-0.000698593615431608,-0.01958179250242369,0.0006627077386891591,-0.00030562632381683064
4,500,256,20,105,0,0.25,0,0.05819473283114488,0.0006047470206778583,-0.0009226471321663331,-0.015782437422301468,0.0008698553423196382,-0.000968588850554871
4,500,256,20,106,0,0.25,0,0.051258799338694316,0.0012554421919876786,-0.002157714201311193,-0.016277404440808364,0.0003741692587934448,-0.0006963479062721054
4,500,256,20,107,0,0.25,0,0.05922807659074184,0.0011658024013441687,-0.0003710441263229394,-0.020543401633004492,0.0018396199862732697,-0.0004697577696544021
4,500,256,20,108,0,0.25,0,0.05470911764015897,0.0022523325955009247,-0.000607300641539707,-0.019005538072524825,0.00020155876233832128,-0.0007867487296004718
4,500,256,20,109,0,0.25,0,0.054264507361636585,0.0011228020443267584,-0.0010011064052580607,-0.019160771929105903,0.00044066516094282056,-0.00024713008901333856
8,300,64,20,100,0,0.125,0,0.023289438655649555,7.040606081781564e-05,-0.0004919038527213235,-0.011993469655149643,0.0002673561245255225,-0.00032029113278283844
8,300,64,20,102,0,0.125,0,0.029209051452047854,0.0015084274433475975,-0.00024060696953025304,-0.011592215887483208,3.6879707867098363e-06,-0.00046944322090635836
8,300,64,20,103,0,0.125,0,0.02358236650093389,0.0008975990013329725,-0.0009305629133990386,-0.011674868010133172,0.00012477788548102473,-0.00050332160309236
8,300,64,20,104,0,0.125,0,0.02878412992324103,0.0014698248902613906,-0.00019330898583147158,-0.007457185296861823,0.0006054914836168528,-0.0006862142275363454
8,300,64,20,105,0,0.125,0,0.02882742566692826,0.0014126828067100472,-0.0013163505715380675,-0.005385987339943504,4.5833621459384916e-05,-6.088698417352187e-05
8,300,64,20,106,0,0.125,0,0.022366465131285738,0.000517949446015006,-0.0006744296141144319,-0.0072458727936695645,0.00028644663298131454,-1.599077404421626e-05
8,300,64,20,107,0,0.125,0,0.028952100099299875,0.000770504954606626,-0.0005887514495805539,-0.00947875544166939,0.00012453440058229022,-0.00047696261262264645
8,300,64,20,108,0,0.125,0,0.025110088250497698,0.00185339787408887,-0.00023249650307498518,-0.008019686380147434,0.0002350084686282832,-0.00037266346000341147
8,300,64,20,109,0,0.125,0,0.0258225900220482,0.002635624511236837,-0.0010688301600805836,-0.012169451333303407,0.0005924905035964574,-0.00014531936161001196
8,300,128,20,100,0,0.125,0,0.025809628263511273,0.00046921127900552005,-0.0003894490653907537,-0.011538620356150919,0.00019247196040563926,-0.00018961192016288722
8,300,128,20,102,0,0.125,0,0.02735042971853897,0.0016188777671583333,-0.0007956343176343698,-0.011836129366153981,3.651650976207399e-05,-0.00039940550893912557
8,300,128,20,103,0,0.125,0,0.022902451212913632,0.0012031586995105298,-0.0006807264792116931,-0.011401272207660598,2.24499733385596e-05,-8.931546977442076e-05
8,300,128,20,104,0,0.125,0,0.02695487845441384,0.0008377030438036358,-0.0006506421025542508,-0.006827204865178109,0.0005503199943282948,-0.0001511341760319372
8,300,128,20,105,0,0.125,0,0.028390772386935464,0.0016517096052435102,-0.0011968193864113428,-0.006637850312761241,0.00026968753423781236,-3.365421255640508e-05
8,300,128,20,106,0,0.125,0,0.026119227083986195,0.0012368234760029065,-0.0008679117523535315,-0.007290854562142451,0.0003227618849194788,-1.2234176378438827e-05
8,300,128,20,107,0,0.125,0,0.030707943409843223,0.0011485688811956635,-0.00023162666641437742,-0.00926205205457141,0.00014246086951741704,-0.0003671753206583998
8,300,128,20,108,0,0.125,0,0.0264002992992516,0.0016948725342191531,-0.0001083951312859199,-0.008299443974449936,0.00010398985059442498,-0.0003968875941336899
8,300,128,20,109,0,0.125,0,0.02583554918169371,0.002637992641421516,-0.0006345842152903184,-0.011045907808743913,0.0011377069980469945,-0.0003332077871070917
8,300,256,20,100,0,0.125,0,0.025995999075927787,0.000774524676394424,-0.0005993741244002023,-0.011679362346864156,1.8852051017950717e-05,-0.0004127694690650056
8,300,256,20,102,0,0.125,0,0.026196258287491034,0.0015498368348162393,-0.00029777034229860346,-0.011071420075812823,0.0003549764944079875,-0.00021414944279579738
8,300,256,20,103,0,0.125,0,0.023424479805003565,0.001589213510951115,-0.0006681167855246058,-0.011988705445184208,0.00011495983645571065,-2.0540913088215782e-05
8,300,256,20,104,0,0.125,0,0.03026214610861588,0.0008380015434720206,-0.0004986834444107182,-0.006920104186388044,0.0003262273164448103,-0.0004676311592186921
8,300,256,20,105,0,0.125,0,0.027811583655995065,0.0017711335548922815,-0.0008713582600490663,-0.005676433261658389,0.00018551113021808137,-0.00026509268373770673
8,300,256,20,106,0,0.125,0,0.02236458210534366,0.00022958170396824483,-0.0007836899412288817,-0.00669028191549248,0.0003214788721847339,-0.00022767560782519674
8,300,256,20,107,0,0.125,0,0.03144848525451379,0.0014370834681667617,-4.2838753415007674e-05,-0.00875539703807088,0.0002712405199275642,-0.0006736954124284111
8,300,256,20,108,0,0.125,0,0.02668532321584262,0.0009020506964351678,-0.0001874568380281266,-0.009227833564741104,0.0004314932664364169,-0.0002253505045518104
8,300,256,20,109,0,0.125,0,0.025302806900356065,0.0005491284363540638,-0.00015470899408524737,-0.01035886221891895,0.00015501697756864114,-0.0001468410545992078
8,500,64,20,100,0,0.125,0,0.024637143556048246,2.621308945747905e-05,-0.0003019168936343153,-0.012920610617629103,0.00046455027209514285,-6.923407989299888e-05
8,500,64,20,102,0,0.125,0,0.030251319273881576,0.0013338268224525203,-0.0002632354668745406,-0.012626663029824702,0.0008629874168585247,-7.857761575527148e-05
8,500,64,20,103,0,0.125,0,0.024584575751706715,0.0013881012497556655,-0.0007713949456717706,-0.013093895114330047,9.888528330683979e-05,-0.0005592566298073845
8,500,64,20,104,0,0.125,0,0.03077736234378424,0.0012187418779452132,-3.930311385486652e-05,-0.009357638696621663,0.0005640912428339917,-0.000661466883084245
8,500,64,20,105,0,0.125,0,0.03020605889511147,0.0010331742528556192,-0.001367532192214966,-0.006409757819243811,0.00045373309044880415,-2.962097939587544e-05
8,500,64,20,106,0,0.125,0,0.023942853749185145,0.0001560644512540628,-0.0009841884614024492,-0.008459019487540747,0.00021452148660952762,-0.00013477123458561924
8,500,64,20,107,0,0.125,0,0.029283489540201543,0.0008255550290154923,-0.0003243025764847519,-0.010587770265529433,3.3285927147427724e-05,-0.0004502632284282825
8,500,64,20,108,0,0.125,0,0.028602052748154853,0.002322360271205323,-0.0002817121041665713,-0.008882528437168396,0.00019110906639458294,-0.0001729563011247508
8,500,64,20,109,0,0.125,0,0.0263302324766276,0.0027909507005748004,-0.001060783852947122,-0.013099199116786933,0.0005391206672832894,-0.0002157293283573657
8,500,128,20,100,0,0.125,0,0.0270887536450592,0.0007492913239875551,-0.00011999988112809144,-0.01276380793198607,0.0006403880827369461,-0.00011931117705486155
8,500,128,20,102,0,0.125,0,0.029020458027234,0.0016148680232477568,-0.0008191809391164082,-0.013112579421662038,0.00023062469312884544,-0.0004310923452726257
8,500,128,20,103,0,0.125,0,0.025556666756391472,0.0014889992437758643,-0.0005229666144127849,-0.013004008222361913,0.00030439415935202706,-6.075296978993566e-05
8,500,128,20,104,0,0.125,0,0.027486460667715658,0.0004392453946003491,-0.0004440035853011325,-0.008676237055015025,0.0006082686516780926,-3.156915107862258e-06
8,500,128,20,105,0,0.125,0,0.030144667984153828,0.0012858415413769253,-0.0010090930693781208,-0.0073185238951106605,1.1579432070570564e-05,-0.0003681759219732065
8,500,128,20,106,0,0.125,0,0.027909911674835728,0.0009818211396740908,-0.0013335301775744884,-0.008495611130751698,4.5193320450099716e-05,-5.734850880311919e-05
8,500,128,20,107,0,0.125,0,0.03191448807658313,0.0012253001237963513,-1.7153052015683522e-05,-0.01043889737097439,8.271558544593328e-05,-0.0003240225102042349
8,500,128,20,108,0,0.125,0,0.02730039929410535,0.002076795526067061,-3.662976438735614e-05,-0.009143234335214558,0.00027180630335788626,-4.404267449921e-05
8,500,128,20,109,0,0.125,0,0.026799926758155842,0.002724003412728001,-0.0009619402166057761,-0.011472162695122313,0.00035073616558074577,-0.00013714695763460266
8,500,256,20,100,0,0.125,0,0.026535558329240674,0.0008243831063446604,-0.00047220140526549727,-0.01260804643098267,0.0004554787481961483,-5.4112805664733115e-05
8,500,256,20,102,0,0.125,0,0.02758642118671877,0.0013204273860719926,-0.00039210164802578663,-0.012369331267673424,0.0005119413704830756,-2.7055465629725516e-05
8,500,256,20,103,0,0.125,0,0.026245915180433864,0.0017825901838416315,-4.694663272373264e-05,-0.01332987805111664,0.0002570561614240696,-0.0001502086467291916
8,500,256,20,104,0,0.125,0,0.032985330119050804,0.0005535597581741734,-0.00032077543615808803,-0.009142061062845751,0.00038699749923926287,-0.0004728328168140405
8,500,256,20,105,0,0.125,0,0.03017550486706025,0.0012120419480744287,-0.0009212212862915062,-0.006652999893934727,0.00017027561701691185,-0.00044312888381415114
8,500,256,20,106,0,0.125,0,0.024038604369046854,0.0005654801347733965,-0.0010837364892460888,-0.008023300576673626,0.00011252003402611458,-0.00020407956470244612
8,500,256,20,107,0,0.125,0,0.032047491630853804,0.0017204342941406982,-0.00036633542569038704,-0.01024798445720106,0.0005779005382370533,-0.0007901939510689877
8,500,256,20,108,0,0.125,0,0.03067993677981704,0.0012926671617176865,-8.522565907811835e-05,-0.009798837006611275,4.9600801984598745e-05,-0.00024476593949185755
8,500,256,20,109,0,0.125,0,0.026772137080044674,0.0007600947580253607,-3.10778422562035e-05,-0.010721650030524277,0.00018609663037502138,-0.00017114876776439184
16,300,64,20,100,0,0.0625,0,0.009809866474926487,0.00029546292609029573,-0.00010796692510401115,-0.005495776936433683,0.0003780392338405464,-0.0001181875160181411
16,300,64,20,101,0,0.0625,0,0.01171508709264799,0.0005184728774143006,-0.00027815520247973224,-0.0037699666250777674,2.1463862478337495e-05,-0.0001725986149201939
16,300,64,20,102,0,0.0625,0,0.013608680600912524,0.0012613290337807124,-0.0005222315683580081,-0.005041760628201431,8.534466289362456e-05,-0.00020353811058556378
16,300,64,20,103,0,0.0625,0,0.009939770100445314,0.0001899521395644327,-0.0005533140631142903,-0.006051432528571871,0.00012229548448044997,-0.00020220436705817147
16,300,64,20,104,0,0.0625,0,0.01577308846739283,0.0005064224532142648,-0.00021712271174398866,-0.0031324967158750977,0.00031236025841470665,-0.0003398389730518029
16,300,64,20,105,0,0.0625,0,0.016058895791190752,0.0011422721855545695,-0.0007846248301712419,-0.0017210120354108668,0.00033018700091624897,-0.0003165047856404422
16,300,64,20,106,0,0.0625,0,0.0117786987532638,0.0005262053554066099,-0.0008666914836270524,-0.003138053507500094,0.00032561738269713895,-3.000446821470493e-05
16,300,64,20,107,0,0.0625,0,0.014512182041570156,0.0004123798381095636,-7.797128702773299e-05,-0.0041261022692233576,1.359768244604478e-05,-0.00046893881544661064
16,300,64,20,108,0,0.0625,0,0.011665906932371429,0.0020645848379667654,-0.0004215595207038344,-0.004169354261038623,0.00022288192190626392,-0.00022562147868919705
16,300,64,20,109,0,0.0625,0,0.01097131806289127,0.00035672243781848114,-0.001028762454611037,-0.006155676105395364,0.0005456567230828201,-0.0003388598088486974
16,300,128,20,100,0,0.0625,0,0.01270945352307629,0.0002046823564538197,-0.0001559502072510093,-0.005818400856631237,0.00015597541466171334,-0.0004404078252780176
16,300,128,20,101,0,0.0625,0,0.013575454131300162,4.235792430217214e-05,-0.0002596760205678898,-0.004116186998535629,7.474225256027945e-05,-0.0001226613698492631
16,300,128,20,102,0,0.0625,0,0.012955031502309335,0.0011093913444803801,-0.000645401914567413,-0.005473334910120865,0.0002565609374080833,-0.0003015353931135429
16,300,128,20,103,0,0.0625,0,0.009626028475720827,0.00026755798830660385,-0.00015396628229786007,-0.00595853900452242,0.0002993811293370863,-0.0002502679687423405
16,300,128,20,104,0,0.0625,0,0.016087246442316308,0.0002837775339910192,-0.00014117349167803718,-0.002595578980726738,0.0002086389676616445,-4.648681381722628e-05
16,300,128,20,105,0,0.0625,0,0.01595854241623692,0.0005474810981959275,-0.0005677565797473197,-0.002692241033566348,0.000339961682339361,-0.00029303553218530865
16,300,128,20,106,0,0.0625,0,0.013981107404406615,0.0011775936724923392,-0.000988353929757505,-0.003126880637986255,0.00036011629020281263,-8.254660007897919e-05
16,300,128,20,107,0,0.0625,0,0.014538426433543352,0.0012501924625923067,-0.00013999502589328328,-0.0034686739824551747,1.8367958252129436e-05,-0.0003131527621231853
16,300,128,20,108,0,0.0625,0,0.01191555101744563,0.0013654620854266274,-0.0005293748326845207,-0.004142186315920655,0.0002025589099759699,-0.00024259459374337085
16,300,128,20,109,0,0.0625,0,0.010877623961629893,0.000918096694305,-0.0007124293281200466,-0.005996650625484684,0.0010826243021094678,-0.0005743889213494979
16,300,256,20,100,0,0.0625,0,0.013156009652685343,0.00045469310215477893,-0.00017113664603315455,-0.005181222088493871,7.959857932124255e-06,-0.0003202400517274685
16,300,256,20,101,0,0.0625,0,0.010337298985619522,0.00011558855253773629,-0.00029727045237983355,-0.003955836458173134,0.00022322839338917848,-2.7747580830560322e-05
16,300,256,20,102,0,0.0625,0,0.014339433919958969,0.0015120687440559441,-0.0005177232034017632,-0.0048629004545323795,4.550056204041602e-05,-0.00018912803451284462
16,300,256,20,103,0,0.0625,0,0.010778539644734133,0.00046173292150473213,-0.00024448952355029364,-0.00659926335583807,0.0005385766990616321,-0.00011965023338758794
16,300,256,20,104,0,0.0625,0,0.017144658662743624,0.0001588413268339294,-0.0001329634093262136,-0.0030671524646175437,0.00024502090818298876,-0.0001328801868999083
16,300,256,20,105,0,0.0625,0,0.01577568936961705,0.0008491204619876052,-0.0006979332954920757,-0.002173262991745877,0.0002357801638442904,-0.0002097187986411096
16,300,256,20,106,0,0.0625,0,0.012742635145528943,8.847012106909069e-05,-0.00050293923013492,-0.002787603303630552,0.00037380282782296443,-0.00024637887891761713
16,300,256,20,107,0,0.0625,0,0.017992151807088887,0.0007538950361920764,-0.0004157440745046507,-0.004302227660128853,0.00011623443532016991,-0.0004666624165486948
16,300,256,20,108,0,0.0625,0,0.010240233750929582,0.0007023817473671444,-0.0004516206691662088,-0.00442056644226763,0.0002478780423354755,-0.0002383155197774474
16,300,256,20,109,0,0.0625,0,0.011560611624156957,0.00013672888308524853,-0.0003904863935199255,-0.005600878000663331,0.000192371594015179,-0.00019389768652503564
16,500,64,20,100,0,0.0625,0,0.010012084099919232,0.00029955881461204547,-2.5990755481699386e-05,-0.006108386441834895,2.4664734015054175e-05,-0.0002710426961995015
16,500,64,20,101,0,0.0625,0,0.01346703521313845,0.0004150527735906926,-9.101829560013076e-05,-0.00410077710946295,1.9591863286471317e-05,-0.00012762911246512286
16,500,64,20,102,0,0.0625,0,0.014198296268790338,0.0011277347241523607,-0.0004180657726321096,-0.005366126004892325,0.000290872229706807,-4.0115484895939866e-05
16,500,64,20,103,0,0.0625,0,0.010036046055443875,0.000505825099812418,-0.0005781401696586032,-0.006874322462677955,6.281853678218329e-06,-0.00021099276776807835
16,500,64,20,104,0,0.0625,0,0.017760720967438033,0.000391744019054789,-0.0003171974861255181,-0.004700493068056974,0.0002825906320178107,-0.00031772389915498946
16,500,64,20,105,0,0.0625,0,0.018183378966605847,0.00102575755671251,-0.0008376453615343874,-0.0022669733409590616,0.00035738564476457056,-0.00031606247115145415
16,500,64,20,106,0,0.0625,0,0.012475752248713959,0.00025481422760131666,-0.001070004119930145,-0.003624505443160603,0.0001942205085690283,-3.560279922410766e-05
16,500,64,20,107,0,0.0625,0,0.01392677610770747,0.0004133716721102531,-9.694345692152226e-05,-0.004904084821869381,6.267329809724288e-05,-0.0005322833574132945
16,500,64,20,108,0,0.0625,0,0.012867235389708787,0.0024625372142587985,-0.0003247461340808417,-0.004476266588459582,4.817578149349468e-05,-0.00016121532902103932
16,500,64,20,109,0,0.0625,0,0.01159066634996383,0.00040073315020749896,-0.0009482913114017363,-0.006827276208121041,0.0004819904215208341,-0.00044023800166398267
16,500,128,20,100,0,0.0625,0,0.012766515452083987,0.0003122214980144743,-5.318759218287669e-06,-0.006618759923050448,8.714851460901179e-05,-0.0004457625334866169
16,500,128,20,101,0,0.0625,0,0.014256023965587316,0.00028102245184567483,-0.00011013817722228101,-0.004460907544334954,1.8265170910185532e-05,-9.3572351798539e-05
16,500,128,20,102,0,0.0625,0,0.01429395131247113,0.0011854413755992713,-0.0006652576244046913,-0.0060240168510919965,0.00010486083882062903,-0.00026533810566003915
16,500,128,20,103,0,0.0625,0,0.00989056525894821,0.00013420046549550326,-0.0001629541208905426,-0.006929892429576365,5.9749947197035805e-05,-5.3044383645274826e-05
16,500,128,20,104,0,0.0625,0,0.01655372451516946,1.8187099326355677e-05,-0.0002742172447885055,-0.0036205056840896933,0.00014772394480991688,-6.5784959463184e-05
16,500,128,20,105,0,0.0625,0,0.016219242792445406,0.0004316245041561221,-0.0003569241706580479,-0.003149525553943448,1.9465239001435626e-06,-7.859163823452629e-06
16,500,128,20,106,0,0.0625,0,0.014767854401045296,0.0010622985957129479,-0.001132024695118087,-0.0035371673966078116,0.00013590937398695325,-6.782202112514465e-05
16,500,128,20,107,0,0.0625,0,0.01545807937694293,0.0012803065176628977,-0.00010547199439104853,-0.004310684573271883,9.288702212331499e-05,-0.00031374004547471965
16,500,128,20,108,0,0.0625,0,0.012439130913927574,0.0016293257742829937,-0.0004540183331633645,-0.004478224454623044,6.972706673504845e-05,-9.323127988610366e-05
16,500,128,20,109,0,0.0625,0,0.011513958778027692,0.000848889045999304,-0.001004330185001522,-0.006175648383044544,0.0002525716057346113,-0.00016636084155609776
16,500,256,20,100,0,0.0625,0,0.01298513042715244,0.0004581570104951829,-3.859330753714626e-05,-0.0056435918395383354,6.815618770848338e-05,-0.00036038961118032084
16,500,256,20,101,0,0.0625,0,0.011298564089324623,5.537168320173079e-05,-0.0004041999202505429,-0.004242209840787242,3.403989711112839e-05,-4.0279811958654355e-06
16,500,256,20,102,0,0.0625,0,0.01535917370557752,0.0014122935958303334,-0.00048344125813031853,-0.005337443560129026,0.0004950496972482375,-0.0002815000452117536
16,500,256,20,103,0,0.0625,0,0.010701133378168965,0.0006218412178996556,-0.00012821515742146436,-0.007190514259297131,0.00028334989203665506,-8.59931578444619e-05
16,500,256,20,104,0,0.0625,0,0.019389147305597754,7.877449220655807e-05,-0.00026066269097153205,-0.004430257948227018,0.00021211380085328922,-0.0001556214058231474
16,500,256,20,105,0,0.0625,0,0.017434937121456103,0.0007222279135673827,-0.0007821221217638655,-0.0027704074954228203,8.032987367666953e-05,-6.204783096566673e-05
16,500,256,20,106,0,0.0625,0,0.013423609457965025,0.00010402482764826427,-0.0004770447527088549,-0.003318702374893172,0.00026432087159799665,-0.00023467551321851266
16,500,256,20,107,0,0.0625,0,0.01756227885724094,0.0009029926864783263,-0.00041757336284202945,-0.005260885919335256,0.00020265816034806345,-0.0005778630055145122
16,500,256,20,108,0,0.0625,0,0.011530563895649533,0.000922098312568274,-0.00032016819774728563,-0.004751946536203194,2.929728300668003e-05,-0.00011820013081492821
16,500,256,20,109,0,0.0625,0,0.012802741346084919,4.406600202896234e-05,-0.00021581431420820152,-0.005777678572049032,0.00014138674580829193,-8.974127339053838e-05
32,300,64,20,100,0,0.03125,0,0.003965728345377479,2.4617215867113964e-05,-9.507693714966415e-05,-0.0018229158398704241,1.2365663170690122e-05,-0.00010815912714867237
32,300,64,20,100,1,0.03125,1,0.0040740337989217,5.9129433129993745e-06,-8.00258320399645e-05,-0.002089323721647639,7.628200323223676e-05,-0.000206607747100694
32,300,64,20,100,2,0.03125,2,0.00427732117860644,0.00011493498413980472,-3.224649164998203e-05,-0.001608308340569896,2.7034749328890616e-06,-0.00014129105154007355
32,300,64,20,100,3,0.03125,3,0.0045328018763713335,0.000136438990095075,-5.50477551010485e-05,-0.002071644020441188,6.620270346132316e-05,-0.0001289580302896216
32,300,64,20,100,4,0.03125,4,0.005152617209846569,0.00048255053444803427,-0.0001534682766839958,-0.0018915454592046868,0.00023682626519462555,-0.00022575649899506654
32,300,64,20,100,5,0.03125,5,0.003966611657930484,0.00017409362524587247,-0.00020719099283930678,-0.0018346181244924221,3.5929499748629775e-05,-0.00014551591914347892
32,300,64,20,100,6,0.03125,6,0.0043609668835139625,0.000590517834353892,-6.323110830975639e-05,-0.0019151590958094008,7.451215978918931e-05,-0.00016093271383496311
32,300,64,20,100,7,0.03125,7,0.0049558179032893395,0.00023751584377773572,-0.0002549637536986823,-0.0021627650617377456,0.00016839391049583313,-0.00013444806848079247
32,300,64,20,100,8,0.03125,8,0.005442277361295862,5.7574763933782914e-06,-0.000100103327570422,-0.0022869237734510343,0.0001943596718982796,-0.00010117954075372416
32,300,64,20,100,9,0.03125,9,0.005677118641388689,0.00020993490894229193,-0.00024575195884505105,-0.0017425393820943134,0.0001377608315157762,-0.00014559907390582265
32,300,64,20,100,10,0.03125,10,0.0040520618132911836,0.0001509941418752792,-0.00010470731888049911,-0.0022417311078345957,0.00022711599373750617,-0.00019992735646365202
32,300,64,20,100,11,0.03125,11,0.005657178556713959,0.0007628419368257288,-0.00013396937916588316,-0.001971471562137322,4.60726644554226e-05,-0.0002062712160074398
32,300,64,20,100,12,0.03125,12,0.0036573656913842585,0.00014199081010495316,-0.00013624603020612728,-0.0016867822459188414,3.7250277343536917e-06,-0.00010618778005935663
32,300,64,20,100,13,0.03125,13,0.004799458599590166,0.00017321505765060798,-0.00023170473019045755,-0.0016281418266408103,4.327244609699419e-06,-0.00017501738858088684
32,300,64,20,100,14,0.03125,14,0.003522781861840231,0.00010529211412995956,-4.334829073602078e-05,-0.0013985116971919368,4.4066399065737285e-05,-0.00016538336257952178
32,300,64,20,100,15,0.03125,15,0.0066356312194977216,0.00043768712902711785,-0.0002667963023002064,-0.0017006216166646668,0.00011782558282774328,-0.0001711918581428677
32,300,64,20,100,16,0.03125,16,0.004981478059279969,0.00018423772333347923,-0.00012209194749662522,-0.002364316717098389,7.642917984404453e-05,-0.00017941831037834535
32,300,64,20,100,17,0.03125,17,0.005656233221975587,0.00024705540811374206,-0.00021900623924806968,-0.0016547063078980562,4.4602716513646366e-05,-0.00017645366268972677
32,300,64,20,100,18,0.03125,18,0.005693880637513914,7.089061320423498e-05,-0.00020258858010075117,-0.0021447631749124817,9.536223591499366e-05,-0.00015395294453828524
32,300,64,20,100,19,0.03125,19,0.004349083781578724,3.126739266980538e-05,-6.202989168913323e-05,-0.0018572438509941744,7.422531257982602e-05,-0.00011290409875112887
32,300,64,20,101,0,0.03125,0,0.005961669428688535,4.312360757861064e-05,-0.0003371073020821684,-0.0026633048685188914,7.790313021604402e-05,-8.885154838983722e-05
32,300,64,20,102,0,0.03125,0,0.0058017638586046125,0.0008570992517029606,-0.00046603037654759365,-0.002073909472201091,9.625813788669337e-05,-2.582762126378289e-06
32,300,64,20,103,0,0.03125,0,0.003973715434367635,0.0001758540649957824,-0.0003436420131029799,-0.002811922957829122,4.7200135636043984e-05,-8.09628745500916e-05
32,300,64,20,104,0,0.03125,0,0.007747519286018125,0.0001914110924228871,-5.711914416532247e-05,-0.0014043065480688977,0.00022857334978600301,-0.00017534250422319558
32,300,64,20,105,0,0.03125,0,0.008922194073186989,0.0007140252859940174,-0.0003306693008155288,-0.0013145858267122046,0.000327386114402732,-0.00021800224515887038
32,300,64,20,106,0,0.03125,0,0.00683532897703001,0.0007462451851591615,-0.0002820012864315146,-0.0011741291845029516,2.2443497971971677e-05,-9.820984197819303e-05
32,300,64,20,107,0,0.03125,0,0.004748831971193563,2.471981941012728e-05,-2.2693142569622083e-06,-0.0017022413116555874,9.282269374278071e-05,-0.00012026778654069417
32,300,64,20,108,0,0.03125,0,0.00747205837748486,0.0007878200348824354,-8.604576773447097e-05,-0.002551306336041834,0.0002914448878487004,-0.00022179262793618472
32,300,64,20,109,0,0.03125,0,0.004920551489770485,0.0004895682837167309,-0.00045635402645977324,-0.005252374137870894,0.00034143862243653255,-0.000163106547378167
32,300,128,20,100,0,0.03125,0,0.004924722346195146,2.0011780970037577e-05,-0.00010724060260644217,-0.001742880427702349,0.00012605231577477789,-0.00015697195495895745
32,300,128,20,101,0,0.03125,0,0.006181901235466708,0.0003904272868522135,-0.00015381416952069121,-0.0027339806848047095,6.0331229719450794e-05,-1.9685709355491626e-06
32,300,128,20,102,0,0.03125,0,0.005956058759047387,0.0008048991696020433,-0.0003461380294641728,-0.0022484748996303046,8.093933786354462e-06,-6.075367778337575e-05
32,300,128,20,103,0,0.03125,0,0.004346557818930529,0.0005725806917499508,-4.6584520122232705e-05,-0.0028112799005945346,9.530542529228245e-05,-3.547238529704594e-05
32,300,128,20,104,0,0.03125,0,0.007634827510550435,1.0653706057215242e-05,-9.341254048267018e-05,-0.0010953775600510373,5.765118417145581e-05,-0.00013032100420143903
32,300,128,20,105,0,0.03125,0,0.008091809927784709,0.0007052150707076563,-0.0003845187031442452,-0.001394785583651001,0.00032231074409111974,-0.00023070947832316298
32,300,128,20,106,0,0.03125,0,0.007835870981270367,0.0013585038313781547,-8.87704652473526e-05,-0.0018581424868175456,3.1514936634567706e-05,-0.00010749638372012207
32,300,128,20,107,0,0.03125,0,0.005653921394231061,0.0002969344373464111,-0.0002633142010773569,-0.0014585111218117933,7.305208036699476e-05,-8.31983706956075e-05
32,300,128,20,108,0,0.03125,0,0.0072156512026727805,0.0003363961866976711,-2.483224555059448e-05,-0.0026794432954993395,0.00024957015149907464,-0.0002927451054004221
32,300,128,20,109,0,0.03125,0,0.004740521576024187,0.0008934406238187586,-0.000623988122456962,-0.005088771601808043,0.0008178464272300073,-0.000478453220747722
32,300,256,20,100,0,0.03125,0,0.005245814349011342,0.00016187906185123485,-0.00017436317914056149,-0.0019631153778446172,7.395088812586782e-05,-0.00018142881753527122
32,300,256,20,101,0,0.03125,0,0.0057894859503169836,0.00014688306848714588,-0.00017150926715706177,-0.0025762471409321434,0.0001235957838640417,-3.226138807775078e-05
32,300,256,20,102,0,0.03125,0,0.005226989323759683,0.0012613358391211573,-0.00032637432865082605,-0.0020562732139300455,0.00011315282174883343,-6.424416296743542e-05
32,300,256,20,103,0,0.03125,0,0.004509679587437846,0.0003982437145907321,-8.708967868965843e-05,-0.003595244023759603,4.038473943737017e-05,-2.2963999900679274e-05
32,300,256,20,104,0,0.03125,0,0.008524324138423842,0.0001804698273503363,-2.3316007423383565e-05,-0.0012627749922675627,0.00010606622472039026,-0.0001864839799146327
32,300,256,20,105,0,0.03125,0,0.009103293160479576,0.0006300335515080775,-0.0003386703898312773,-0.0013709220926155588,0.00028549973670439994,-0.00017381004071603248
32,300,256,20,106,0,0.03125,0,0.007568800595700363,0.0007597617128863824,-6.994846968046694e-06,-0.0013738975676561523,1.3501578827617867e-05,-2.4958396200155773e-05
32,300,256,20,107,0,0.03125,0,0.006184773105206938,0.0001719371265747112,-0.0003082013052851622,-0.0017379658483195972,4.781507401719849e-05,-0.00021163786708655778
32,300,256,20,108,0,0.03125,0,0.006436715920942898,0.0005120947859057997,-8.119274937198778e-05,-0.002713322979691157,0.0002042213815983334,-0.00023134310840613854
32,300,256,20,109,0,0.03125,0,0.004561920844128086,0.0005124415260823732,-8.471018127638795e-05,-0.004988535284233854,8.068419269954587e-05,-8.241570272197337e-05
32,500,64,20,100,0,0.03125,0,0.004199827270969593,1.1154496045446865e-05,-4.0245270668720725e-05,-0.001987746467856951,5.575739149221189e-05,-3.412654542885865e-05
32,500,64,20,101,0,0.03125,0,0.006564477104623802,7.385604522588534e-05,-0.00018535410383372283,-0.002627645011691194,6.752021895987091e-05,-8.479725096024322e-05
32,500,64,20,102,0,0.03125,0,0.005916583554216235,0.0007909114334468886,-0.0005083609734021237,-0.0021756424658559274,9.315270087492698e-05,-1.0764689777788072e-05
32,500,64,20,103,0,0.03125,0,0.004165134732704449,3.229468600008076e-05,-0.00031930312701866306,-0.003320845211762041,0.0002110639998764066,-6.812978184105092e-05
32,500,64,20,104,0,0.03125,0,0.009589087930635938,0.00012188133670223561,-0.00011262507694934589,-0.002376158558570176,0.00023620221883556095,-0.00015054638935924923
32,500,64,20,105,0,0.03125,0,0.011001443480658433,0.0006505869371283778,-0.0003279886358448595,-0.001677086624322656,0.0003436359438269399,-0.00022216357419745802
32,500,64,20,106,0,0.03125,0,0.007260749631817232,0.0006605019712621444,-0.00033013098906581,-0.0013218249307623308,8.11323373515083e-06,-0.0001429385350353967
32,500,64,20,107,0,0.03125,0,0.005058067121173065,5.496028243440157e-05,-0.00011959155965207948,-0.0020202113313996747,0.00010620149331606505,-0.00016423418307890514
32,500,64,20,108,0,0.03125,0,0.008597039979720493,0.0010138464530474731,-0.00010462752902365458,-0.0026349758962373035,0.00034451101948536193,-0.00010200142441074573
32,500,64,20,109,0,0.03125,0,0.005148963280996197,0.0005200334311839307,-0.0004576144865803058,-0.0054949790299336256,0.00030600817400493186,-0.000258388564202401
32,500,128,20,100,0,0.03125,0,0.005219078593083316,5.5300329707459355e-05,-0.00021517739871751472,-0.0019213242172536732,0.00016107474803491996,-0.00013092107948252157
32,500,128,20,101,0,0.03125,0,0.005897063760928348,0.00043777637157441335,-0.0001788207060132953,-0.0028425216954686932,2.5728871106259542e-05,-2.807120215288622e-07
32,500,128,20,102,0,0.03125,0,0.0066161722234477,0.0008293125557873173,-0.00036268018197296956,-0.0024564088085310774,3.106968651008835e-05,-5.156964393965379e-05
32,500,128,20,103,0,0.03125,0,0.004237902965085295,0.00046265677395653285,-1.954456397956602e-05,-0.0033420851490563635,0.00018098263320687097,-5.0664472040111604e-05
32,500,128,20,104,0,0.03125,0,0.008060922363886256,1.450897455483448e-05,-1.4179962436233002e-05,-0.001814795077836461,4.028634906429287e-05,-0.00023830573770765168
32,500,128,20,105,0,0.03125,0,0.008154629274946215,0.000659416920713837,-0.00022748390452812545,-0.001759841460650035,0.0003896742959634079,-0.00022302262251811824
32,500,128,20,106,0,0.03125,0,0.008193514577264105,0.001344382209283201,-6.434386189757835e-05,-0.0018978328522972574,6.819721414672723e-06,-0.00015340906387216653
32,500,128,20,107,0,0.03125,0,0.006219410385046461,0.00036998052794411096,-0.00016796762413054573,-0.0017349395701741726,8.846265128643339e-05,-6.404012678375902e-05
32,500,128,20,108,0,0.03125,0,0.0077816203953051995,0.0005276002750937291,-1.4866688157375987e-05,-0.00273877112747438,0.0002986023568204959,-0.00023504821402668474
32,500,128,20,109,0,0.03125,0,0.004923684727911575,0.0008727988795774967,-0.0006432053033705478,-0.005067087534303407,0.00037196499604910297,-0.00028665770105037027
32,500,256,20,100,0,0.03125,0,0.00541996739260614,0.00016924096302350838,-0.0002861456438513304,-0.0020169175337107453,0.00010193457100167843,-0.00014938198123441547
32,500,256,20,101,0,0.03125,0,0.006294214182710566,0.00015164397585840772,-0.00019655150754683447,-0.002590050322478522,6.521772089445684e-05,-9.282752207136437e-05
32,500,256,20,102,0,0.03125,0,0.005637273417491434,0.0012199492236269944,-0.00040077840150905877,-0.002298646194079752,0.00042920104730897194,-0.00036275284734589385
32,500,256,20,103,0,0.03125,0,0.004510020655168198,0.0005510799004467053,-0.00010791329961281006,-0.003918751514429573,4.151340030233176e-05,-1.8285807761530534e-05
32,500,256,20,104,0,0.03125,0,0.010454986780759689,0.00012226734710661614,-0.00012921405837833846,-0.002325340339365137,0.00010501824121427904,-0.000255681113473767
32,500,256,20,105,0,0.03125,0,0.009199876557180955,0.0005794680458224838,-0.00033864206378686105,-0.0018341252115224485,0.0003365592323700346,-0.00017490094096009597
32,500,256,20,106,0,0.03125,0,0.008050120486832303,0.0007006547504174781,-1.5144525917798803e-05,-0.001574228105115982,1.655224328283962e-05,-7.781718278268726e-07
32,500,256,20,107,0,0.03125,0,0.006484423210337632,0.000305717052631953,-9.565921299035754e-05,-0.0020448336306601467,0.0001293326889681025,-0.0002816166313455745
32,500,256,20,108,0,0.03125,0,0.007050723561890005,0.0005909580312265535,-0.00015163657591763544,-0.002863814168765581,0.000246351392566028,-0.0001595232297967424
32,500,256,20,109,0,0.03125,0,0.0050914257110759465,0.0006638023569771135,-0.00010994787406061982,-0.005029098617799333,0.00011130381658256517,-3.619947468138683e-05
