gamma,k,fingerprint_length,n_recipients,sk,id,code,embedding_ratio,experiment_no,attack_strength,detection_confidence,accuracy,hellinger_distance,kl_divergence,marital-status_relationship,marital-status_sex,relationship_sex,income_relationship,education_education-num,age_marital-status,education-num_occupation,age_relationship
32,300,128,20,100,0,tardos,0.03125,0,0.6,0.859375,0.4,0.0505292489680807,0.0213540415513297,0.0067980470521688,0.0046063745832048,0.0123727120108177,0.0290831811318743,0.0001018023973647,0.0650242499262773,0.0208958745154164,0.06267686184761
32,300,128,20,100,0,tardos,0.03125,1,0.6,0.828125,0.4,0.0508017272233933,0.021962660650228,0.0047931874229611,0.0035889029695582,0.0122593742763201,0.0170504869529686,0.0001029369273928,0.0157015284854166,0.032410893741431,0.0150500043305823
32,300,128,20,100,0,tardos,0.03125,2,0.6,0.8125,0.4,0.0491964419790166,0.0215323523769612,0.0050341139696229,0.0075757184390319,0.0090382130599278,0.0219523463815949,0.0001030826884668,0.0390596459507449,0.0547757602077503,0.0250788698033656
32,300,128,20,101,0,tardos,0.03125,0,0.6,0.8828125,0.4,0.0492618963070174,0.0216783322589698,0.0042073900704393,0.008956472547018,0.0077326515838999,0.0237135227614185,0.0001030826884668,0.0440260962605654,0.0509988492101061,0.0287398591840217
32,300,128,20,101,0,tardos,0.03125,1,0.6,0.875,0.4,0.0512486045515757,0.0220769696104404,0.0067269114373683,0.012487482785429,0.0159261907941528,0.0413549904520851,0.0001006647014161,0.0640059029156523,0.0568777540725787,0.0663425514338945
32,300,128,20,101,0,tardos,0.03125,2,0.6,0.8671875,0.4,0.0520123397310255,0.0224244474149472,0.0086994106442515,0.0014784798252302,0.0076197426157477,0.0187374910939155,0.0001038480024642,0.0651714519326173,0.0421094959670943,0.0354455567939775
32,300,128,20,102,0,tardos,0.03125,0,0.6,0.8359375,0.4,0.0523681931387454,0.0228861901617905,0.0089346599295828,0.000331839506739,0.0070420285847647,0.0158076550233501,1.1990408665951251e-13,0.0671908439982502,0.0404321341409336,0.0394481873118744
32,300,128,20,102,0,tardos,0.03125,1,0.6,0.890625,0.4,0.0516760287254386,0.0225542027924143,0.0056856615765103,0.01242348181678,0.0085716032074058,0.0294546704783534,1.7597034940308082e-13,0.0616753478385354,0.0597675788973795,0.0443770165356897
32,300,128,20,102,0,tardos,0.03125,2,0.6,0.8671875,0.4,0.0524635842451739,0.0220224003767592,0.0070146987716787,0.000558660607297,0.0160920437429352,0.0194447820352642,3.2418512319053385e-14,0.031125946986127,0.03855606752838,0.0641778357804783
32,300,128,20,103,0,tardos,0.03125,0,0.6,0.8046875,0.4,0.0525413169619149,0.0219894199090555,0.0056482230642028,0.0021131502100845,0.0179678297912178,0.0207528864778629,0.0018786417629266,0.0361369691448443,0.0408454238277444,0.0648124218663621
32,300,128,20,103,0,tardos,0.03125,1,0.6,0.8984375,0.4,0.0502712488723936,0.0207574170522968,0.0043004829114682,0.0281861590471651,0.0184268520095655,0.0262180226134245,0.0018769600890776,0.0690308202067119,0.0420021705723517,0.1083856290326012
32,300,128,20,103,0,tardos,0.03125,2,0.6,0.859375,0.4,0.0507439606704119,0.0217506647026528,0.0043905881794004,0.0100147822273498,0.0150173362119944,0.0298185614894007,0.0018911979241152,0.0771994483139909,0.0429056631428599,0.0662220512167688
32,300,128,20,104,0,tardos,0.03125,0,0.6,0.90625,0.4,0.0507406462816871,0.0217825174485861,0.0048437456605059,0.0079771715588523,0.0133604628748358,0.026726781179384,4.8849813083505095e-14,0.0761494211194751,0.0448346892588487,0.0625261043653298
32,300,128,20,104,0,tardos,0.03125,1,0.6,0.875,0.4,0.0516928720008861,0.0221295424643412,0.0058594904493081,0.0020361644460929,0.0164401933450982,0.0240395274078709,6.41708908233317e-14,0.0936645471645451,0.0509692329945634,0.0686302593509732
32,300,128,20,104,0,tardos,0.03125,2,0.6,0.8671875,0.4,0.0510619773402396,0.0221878652995065,0.0036180145430526,0.0108886934399303,0.0131185506823057,0.0257668737449489,6.161737786669393e-14,0.067709226058133,0.0465679032502976,0.0682539839701473
32,300,128,20,105,0,tardos,0.03125,0,0.6,0.90625,0.4,0.0507848723324278,0.0217599557004559,0.0035794357914894,0.0092518803784737,0.013169558119631,0.0265380659146185,6.161737786669393e-14,0.0688704862996486,0.0496133754431818,0.0707156912125438
32,300,128,20,105,0,tardos,0.03125,1,0.6,0.8984375,0.4,0.0486764471813873,0.019904610196152,0.0094751910587037,0.0088652532294692,0.0008018450399111,0.0085513153906147,7.349676423018266e-14,0.0536324434421237,0.0323493876262608,0.0746110726818643
32,300,128,20,105,0,tardos,0.03125,2,0.6,0.8828125,0.4,0.0516494785053576,0.0220726765580825,0.0045362984883636,0.0102667803405119,0.0112893770752131,0.0168502394675901,2.3314683517127432e-14,0.0482961303931992,0.0498189807256986,0.0475732527697408
32,300,128,20,106,0,tardos,0.03125,0,0.6,0.828125,0.4,0.0513904035929763,0.0218336578991576,0.0040687311757903,0.0088852849807098,0.0111717354915484,0.0155727514742116,4.493926391502091e-05,0.0561982824360653,0.0501240660705016,0.045253278937452
32,300,128,20,106,0,tardos,0.03125,1,0.6,0.875,0.4,0.0522976182150781,0.0217206171672085,0.0071681950717947,0.0019706601281072,0.0126777906675673,0.0430893931818801,5.600265191851654e-05,0.0682555078495247,0.0325083220642332,0.059957952666478
32,300,128,20,106,0,tardos,0.03125,2,0.6,0.8671875,0.4,0.0503864475681973,0.0210331991850344,0.0094411736755654,0.0071661261303599,0.013537205316689,0.0266998487312287,5.676065687720623e-05,0.0837050496562952,0.0542392674847994,0.0716424137496099
32,300,128,20,107,0,tardos,0.03125,0,0.6,0.84375,0.4,0.0506702290563099,0.0213777993288417,0.0093942321818029,0.0068838894561457,0.0118461520941757,0.0244717366419769,9.0544301201253e-05,0.0844789151347793,0.0570434050181406,0.0706449880523981
32,300,128,20,107,0,tardos,0.03125,1,0.6,0.8359375,0.4,0.0509767551524372,0.0219231391360275,0.0031966460877733,0.008824258226313,0.0049100678590273,0.0188294832260297,9.08917270182574e-05,0.0557917815913025,0.0301681915295167,0.0522906702460947
32,300,128,20,107,0,tardos,0.03125,2,0.6,0.859375,0.4,0.0503255403048946,0.0210841530493071,0.0064362122422359,0.010194634448913,0.016372099677331,0.0362931673788511,8.98679046844564e-05,0.0649809823043388,0.053364498105012,0.0520233250053787
32,300,128,20,108,0,tardos,0.03125,0,0.6,0.78125,0.4,0.0502475197260186,0.0209677307669359,0.007135532764988,0.0085741101709353,0.0162057105389332,0.0368708286353369,1.0502709812953593e-13,0.0647024647011777,0.0511920176946461,0.0559589688686617
32,300,128,20,108,0,tardos,0.03125,1,0.6,0.8359375,0.4,0.0495695634658538,0.0211637491851585,0.0091532709012575,0.005864268034974,0.0050997248391467,0.0136454242120885,2.2426505097427332e-14,0.058007472830525,0.0336626149572268,0.0642545461280592
32,300,128,20,108,0,tardos,0.03125,2,0.6,0.828125,0.4,0.0507183652946611,0.0215204529551767,0.0122084821736462,0.0047185658950754,0.0107093743099709,0.0408803789687655,4.9626969200742674e-14,0.078036197804003,0.0681690670063099,0.0770590641317723
32,300,128,20,109,0,tardos,0.03125,0,0.6,0.90625,0.4,0.0509074529444536,0.0216730050940663,0.0111108511539551,0.0042729006570728,0.0099756923482275,0.0388610828275125,0.0001022822903921,0.08074441465891,0.0706333392693578,0.0741794477696167
32,300,128,20,109,0,tardos,0.03125,1,0.6,0.859375,0.4,0.052454557896137,0.0223896301445591,0.0034170791262501,0.0130239015462014,0.0111106914641396,0.023926641744038,0.0001014275013287,0.0679109884697281,0.0484073396102672,0.0670585217184593
32,300,128,20,109,0,tardos,0.03125,2,0.6,0.8359375,0.4,0.0503884333983941,0.0213430555063295,0.0080979350852235,0.0015221384149227,0.0119312375698765,0.0239784113394532,0.0001019768074707,0.0813032296745719,0.0139257228885688,0.0836344916726978
32,450,128,20,100,0,tardos,0.03125,0,0.6,0.828125,0.4,0.0504887377054422,0.0212847580574056,0.0071935853220401,0.0045156675896301,0.0122870452408783,0.0289016988356915,0.0001128419471904,0.0653007048850349,0.0211024967101542,0.0627490435753703
32,450,128,20,100,0,tardos,0.03125,1,0.6,0.859375,0.4,0.0509362941130415,0.0220864456973427,0.0048816595011012,0.0034233669751823,0.0120839384321637,0.0167916112077425,0.0001029369273928,0.015306472571825,0.0331120184907119,0.0151069433434682
32,450,128,20,100,0,tardos,0.03125,2,0.6,0.8359375,0.4,0.0492090834826912,0.0214688257037377,0.0054743009150885,0.0068584156447783,0.0088639051964429,0.0220771584678358,0.0001030826884668,0.0389778057867727,0.0548018078663872,0.02566547250696
32,450,128,20,101,0,tardos,0.03125,0,0.6,0.875,0.4,0.0493938091978972,0.0217020361276734,0.0052167561291217,0.0077314315173382,0.0077144818877625,0.0237483749628131,0.0002875157400877,0.0447864668524174,0.0521378299435043,0.0290551442890544
32,450,128,20,101,0,tardos,0.03125,1,0.6,0.875,0.4,0.051091754129037,0.0217979724549733,0.0070897985942193,0.0121155375857385,0.0158882877405578,0.0414054423943113,0.0002012739691138,0.0636585720649377,0.0585800222527433,0.0660433693426751
32,450,128,20,101,0,tardos,0.03125,2,0.6,0.875,0.4,0.0520095796492007,0.0223477536742992,0.0089582383528768,0.0019740873993454,0.007629182694455,0.0187221640907822,0.0001038480024642,0.0663259867979789,0.0436315727234537,0.0342440339360453
32,450,128,20,102,0,tardos,0.03125,0,0.6,0.84375,0.4,0.0521317575254486,0.0225100671940477,0.0093898629018135,0.0004240161024233,0.0070420285847647,0.0160110149340355,0.0013947518422015,0.0680680006561824,0.0400468768667351,0.0373761516483478
32,450,128,20,102,0,tardos,0.03125,1,0.6,0.8125,0.4,0.0515490300596243,0.0223716774634893,0.0056425872990982,0.0120843479717491,0.0085891122799406,0.0296272344890313,0.0013803321747735,0.064407549869099,0.0594156110681181,0.0428285739731185
32,450,128,20,102,0,tardos,0.03125,2,0.6,0.8515625,0.4,0.0523793672987171,0.0218453152433429,0.0077305008581009,0.0016237769214846,0.0160795841023277,0.019737519112757,3.2418512319053385e-14,0.0321493364712928,0.0378781058679588,0.0649365038607176
32,450,128,20,103,0,tardos,0.03125,0,0.6,0.828125,0.4,0.0526418751260645,0.0221367141525663,0.0057640908625796,0.0014248265900465,0.0179760853962548,0.0206814340060719,0.0018786417629266,0.0367244599801113,0.0408903216344829,0.0639108824084003
32,450,128,20,103,0,tardos,0.03125,1,0.6,0.9140625,0.4,0.0502864267713827,0.020701471795163,0.0050875994291362,0.0271356515113431,0.0184214909277788,0.0257828836818124,0.0018769600890776,0.0694133332582311,0.0417924602339007,0.1056237217513055
32,450,128,20,103,0,tardos,0.03125,2,0.6,0.890625,0.4,0.0507661886002129,0.0217010857544031,0.0048498067494891,0.0094310024662793,0.0150105628938026,0.0296161616030836,0.0020743678596554,0.0776697690334396,0.0426346880217099,0.0639113354295704
32,450,128,20,104,0,tardos,0.03125,0,0.6,0.8984375,0.4,0.0506256857726813,0.0215799584841846,0.0051167694327708,0.0073826982493119,0.0133774714191577,0.026674279136976,0.0002047957223151,0.0761305446822546,0.0459458857906633,0.0623851014412412
32,450,128,20,104,0,tardos,0.03125,1,0.6,0.8515625,0.4,0.0514767232391782,0.0218440948808094,0.0060534117004135,0.0028329352477798,0.0167751687348108,0.023761288926717,0.0001131960212498,0.0939555869663344,0.0523676225129401,0.0690286657616655
32,450,128,20,104,0,tardos,0.03125,2,0.6,0.890625,0.4,0.0508794432470711,0.0218887234135161,0.004083078724139,0.011723351567411,0.0134587463831997,0.0255415659783112,0.0001137690932667,0.0682062679619563,0.0473980005863885,0.0683238315548214
32,450,128,20,105,0,tardos,0.03125,0,0.6,0.90625,0.4,0.0507612861784312,0.021688608736604,0.0038604784346205,0.0097886538535305,0.013115292570635,0.0265624352306438,0.0004202330095738,0.0686504380324037,0.0469690740637198,0.0686515151480029
32,450,128,20,105,0,tardos,0.03125,1,0.6,0.875,0.4,0.0486575605601421,0.019843531575048,0.0097030538317302,0.0089241565731061,0.0009164941069374,0.0085840513782996,7.349676423018266e-14,0.0544411060248137,0.0306943806536366,0.0742685644483741
32,450,128,20,105,0,tardos,0.03125,2,0.6,0.8984375,0.4,0.0516343297786758,0.0220140489392338,0.0049025302375541,0.0108421647807234,0.0112833606153876,0.0166560306813459,0.0001797570555898,0.0492962456083389,0.0489625386839934,0.0465051980695676
32,450,128,20,106,0,tardos,0.03125,0,0.6,0.84375,0.4,0.0516154643019058,0.0219758470720703,0.0047894505069538,0.010252179462384,0.011185696671518,0.015540989026471,5.612863015413765e-05,0.0575248476437472,0.0497975316211782,0.0461172955893884
32,450,128,20,106,0,tardos,0.03125,1,0.6,0.859375,0.4,0.0524326726210669,0.0217862422993532,0.0072760509199317,0.0024428937617267,0.0126823477924305,0.0430713213765743,0.0001568571531392,0.0691436405048336,0.0324389789706756,0.060546558022206
32,450,128,20,106,0,tardos,0.03125,2,0.6,0.8671875,0.4,0.0505991024273046,0.0211720765992416,0.0097506009981535,0.008047720995967,0.0135650683500558,0.0266486728854128,0.000158949268165,0.0849942048620814,0.0542403343793538,0.0718505973965472
32,450,128,20,107,0,tardos,0.03125,0,0.6,0.859375,0.4,0.0505406185730269,0.021195317854251,0.0094657834304677,0.0072377763143286,0.0122196756594648,0.0243543524591159,0.001577087930583,0.0853590410389119,0.0603841645209298,0.0716228008278015
32,450,128,20,107,0,tardos,0.03125,1,0.6,0.8203125,0.4,0.050886794918656,0.0217653088236144,0.0032142175983959,0.0088944999808037,0.004935896992295,0.0189929626510977,0.0002046019846384,0.0573008330248906,0.0315525614977009,0.0510989415643905
32,450,128,20,107,0,tardos,0.03125,2,0.6,0.8515625,0.4,0.0502660947674912,0.0209289307768071,0.0070206123580205,0.0092508296712267,0.0163836216820187,0.0364723245440293,0.0014746040647231,0.0650413477337336,0.0561476465561342,0.0525718527773471
32,450,128,20,108,0,tardos,0.03125,0,0.6,0.8046875,0.4,0.0502814376103252,0.0209546400604397,0.0076792983341209,0.00818703050022,0.0161999314708807,0.0368871691682181,0.0004049776136271,0.0655649150414409,0.0524638085006938,0.0569618390604594
32,450,128,20,108,0,tardos,0.03125,1,0.6,0.8125,0.4,0.0495594499106354,0.0210765769191739,0.0094878296311236,0.0053626544428031,0.0050963925527437,0.0136613297441451,2.2426505097427332e-14,0.0587412529820209,0.0343758031593202,0.0647490876574863
32,450,128,20,108,0,tardos,0.03125,2,0.6,0.8203125,0.4,0.0510127780251634,0.0218977720247298,0.0126620672756352,0.0046815260418308,0.0110085526836169,0.0407160355718364,4.9626969200742674e-14,0.0785680758817513,0.0683688543352543,0.0760471878658663
32,450,128,20,109,0,tardos,0.03125,0,0.6,0.9140625,0.4,0.0508985336858579,0.0215969957833914,0.0115216693728142,0.0051028038968179,0.0102928863098612,0.0386156154613438,0.0003875203567593,0.0803781836225125,0.070891233164922,0.0723026146829944
32,450,128,20,109,0,tardos,0.03125,1,0.6,0.859375,0.4,0.0525073711258591,0.0224047675247439,0.0038084971618337,0.0135568458450644,0.0110902981250299,0.0239774966370465,0.0003842197453945,0.067920198272942,0.0483264600264033,0.0662523411391875
32,450,128,20,109,0,tardos,0.03125,2,0.6,0.8515625,0.4,0.0505309170142068,0.0213808384482241,0.008714816514505,0.0005337925453299,0.0123705673945394,0.0235535203845259,0.0018398579986888,0.0823555393596326,0.0135343472456772,0.0827160264480279
32,300,128,20,100,0,tardos,0.03125,0,0.7,0.7890625,0.3,0.0279373407894191,0.0072250602180591,0.0034572965636376,0.0099626789705853,0.0022940516583417,0.0070641963320651,9.259260025373465e-14,0.0137444522560305,0.0398876335318347,0.00366160369395
32,300,128,20,100,0,tardos,0.03125,1,0.7,0.796875,0.3,0.027580518882534,0.0065976160400813,0.0009669173046691,0.0059947695494459,0.0020373291673876,0.0122630532708972,9.947598300641037e-14,0.0276275538360156,0.003282873104395,0.0347810867139561
32,300,128,20,100,0,tardos,0.03125,2,0.7,0.7421875,0.3,0.0275185558064665,0.0070927513896937,0.0028949062499001,0.0038257324990576,0.0024836746495118,0.0005281763415236,1.0424994201229837e-13,0.0057041723426786,0.003488730970213,0.0264387123753961
32,300,128,20,101,0,tardos,0.03125,0,0.7,0.8515625,0.3,0.0279142145376218,0.0073106328238132,0.0038982677406021,0.0057458345166587,0.0038052988743608,0.0012953296422301,1.0424994201229837e-13,0.0003895573535762,0.0070572869357663,0.0243541227614888
32,300,128,20,101,0,tardos,0.03125,1,0.7,0.765625,0.3,0.0275154032532171,0.0072045549285736,3.916417657789928e-05,0.0296402215731602,0.002521294295349,0.0299195151645309,2.8865798640253004e-14,0.0205279191469154,0.0150983928940652,0.008773630326068
32,300,128,20,101,0,tardos,0.03125,2,0.7,0.8203125,0.3,0.026154596948953,0.0065092681840355,0.0041115410160406,0.0071990915774361,0.0035085314107855,0.0077986102434999,0.0001268828261357,0.0466065560884363,0.0142648618117531,0.0116766131715596
32,300,128,20,102,0,tardos,0.03125,0,0.7,0.7890625,0.3,0.0268831007057017,0.0069714444785587,0.0044740880696308,0.0053230555940707,0.0050764459880427,0.0051204328307314,1.2823075934420086e-13,0.0477466162601492,0.0124492738398406,0.0171782050299588
32,300,128,20,102,0,tardos,0.03125,1,0.7,0.828125,0.3,0.0284544979787946,0.0082697779921718,0.0007702977924249,0.0282136878781605,0.0052895143619101,0.0080753141148364,6.439293542825671e-15,0.0004457406017296,0.0126880010605264,0.0211914168918939
32,300,128,20,102,0,tardos,0.03125,2,0.7,0.84375,0.3,0.0278140510600735,0.0068629841554978,0.0001471345566465,0.006432789327832,0.0013367033732502,0.0054438786374862,2.1982415887577292e-14,0.0182574069190424,0.0118289858354042,0.0307023354759087
32,300,128,20,103,0,tardos,0.03125,0,0.7,0.7578125,0.3,0.0278523955199528,0.0067341392119597,0.001211515934309,0.0030240282535692,0.0009409171165073,0.0069291260263159,0.0022335050520705,0.0149408087302912,0.011087428814193,0.0290911577520959
32,300,128,20,103,0,tardos,0.03125,1,0.7,0.7734375,0.3,0.0240638930609277,0.0051017242633235,0.0037870972646779,0.0131237409173414,0.0043856098324173,0.0056826332726623,6.838973831690713e-14,0.0167693947939175,0.0271971193673861,0.0608094308251397
32,300,128,20,103,0,tardos,0.03125,2,0.7,0.859375,0.3,0.0254798872027664,0.006321483475498,0.0011093089309745,0.0068453751661212,0.0050870652979756,0.016019647272697,6.172840016915643e-14,0.0312495214324997,0.0089989784578722,0.0273081150133083
32,300,128,20,104,0,tardos,0.03125,0,0.7,0.8125,0.3,0.0249484801173508,0.0057784691589668,0.0009234810204715,0.0044311547077393,0.0033807013807135,0.0146306423317443,6.172840016915643e-14,0.0311085084514273,0.0061923238801485,0.0264105493752599
32,300,128,20,104,0,tardos,0.03125,1,0.7,0.8828125,0.3,0.0234255002805456,0.0050787304134823,0.0018007167207181,0.0057213644374614,0.0010212506144437,0.0156660025243359,5.562217353371829e-14,0.0431085816426327,0.0129264254601053,0.0126104872153741
32,300,128,20,104,0,tardos,0.03125,2,0.7,0.7890625,0.3,0.0272104021899208,0.0069785669497393,0.0006889560719553,0.0138060968500343,0.0042195948855695,0.0141778945937832,1.7541523789076826e-14,0.0219468946107912,0.0125478603828786,0.0129570239201321
32,300,128,20,105,0,tardos,0.03125,0,0.7,0.8359375,0.3,0.0271685043665303,0.0069917580520056,0.0004230975167145,0.0127343960656047,0.0034408325566573,0.0124817798949487,1.7541523789076826e-14,0.0188058642365322,0.015338461932522,0.013965187708842
32,300,128,20,105,0,tardos,0.03125,1,0.7,0.8515625,0.3,0.0246875195940024,0.0052088027519783,0.002593182789647,0.0145395734317951,0.0151264993409477,0.005206219944582,1.2434497875801296e-14,0.0053513948442087,0.0004986946467718,0.0309885030807153
32,300,128,20,105,0,tardos,0.03125,2,0.7,0.828125,0.3,0.0288981781515383,0.0076093424901201,0.0021549306398384,0.0294359692448158,0.0013668949765466,0.0135644839892963,2.8643754035327985e-14,0.00801911837353,0.0032562324912025,0.0275434698388571
32,300,128,20,106,0,tardos,0.03125,0,0.7,0.796875,0.3,0.0284409429138981,0.0072688228024489,0.0030702271534298,0.027600516263089,0.0008971558790819,0.0127222526200133,5.4067040749503865e-05,0.0187993783807615,0.0023954218161958,0.0235968810162362
32,300,128,20,106,0,tardos,0.03125,1,0.7,0.875,0.3,0.027903885309902,0.0066543730678674,0.001413958582582,0.0015201619021011,0.0027475743822613,0.0099554502265732,1.1990408665951247e-14,0.0291717623612788,0.002260050011222,0.0532270194129029
32,300,128,20,106,0,tardos,0.03125,2,0.7,0.78125,0.3,0.0285282969488653,0.007580916852036,0.0037101136960122,0.0121728608008332,3.012468531314244e-05,0.0019909338455039,5.5303835352791445e-05,0.0117908895004116,0.0049773477665588,0.023725223656023
32,300,128,20,107,0,tardos,0.03125,0,0.7,0.7578125,0.3,0.0284842435669868,0.0075637415993567,0.0039207151612324,0.0126415256491755,0.0008052028087816,0.0056284916679488,1.4210854715201481e-14,0.0129645356413533,0.0079662136027361,0.0246263789462113
32,300,128,20,107,0,tardos,0.03125,1,0.7,0.765625,0.3,0.027479012921386,0.006914377285049,0.0008988558243954,0.0127896572603502,0.0086187016223257,0.0015321010667226,3.5971225997853747e-14,0.0064795694378258,0.0212868027864735,0.0009554190030763
32,300,128,20,107,0,tardos,0.03125,2,0.7,0.75,0.3,0.0269821662527722,0.0065373592811414,0.0002912875587684,0.0122588466990075,0.0006690460872816,0.0093919972362326,2.3314683517127432e-14,0.0089443362847951,0.0020820290333407,0.0106381723680342
32,300,128,20,108,0,tardos,0.03125,0,0.7,0.8046875,0.3,0.0270146433365889,0.0065852689838948,0.001259756419501,0.0098215500477406,0.0002728556432384,0.0128872187101443,2.3314683517127432e-14,0.009242737446892,0.0009095478451656,0.0186357273059314
32,300,128,20,108,0,tardos,0.03125,1,0.7,0.8046875,0.3,0.0251103242548692,0.0053111526366236,0.0027951336050967,0.0003847939920887,0.0069430163652073,0.0164858698658317,2.8199664825477935e-14,0.0044404117822415,0.0189735948260386,0.0242497142198225
32,300,128,20,108,0,tardos,0.03125,2,0.7,0.8046875,0.3,0.0268530155759012,0.0065236354473648,0.0062953326228161,0.0261038328488712,0.0053778732724283,0.0242376583264308,1.0880185641326132e-14,0.0241812170423146,0.0118872776555541,0.0538531397165034
32,300,128,20,109,0,tardos,0.03125,0,0.7,0.8359375,0.3,0.0265692732341673,0.0063348790637828,0.0043793083698724,0.023739495648333,0.0074255442637952,0.023001204294578,0.0001225477620572,0.0289108283598467,0.0131333529664623,0.0543808265750934
32,300,128,20,109,0,tardos,0.03125,1,0.7,0.8046875,0.3,0.0287500980890077,0.0071157527360426,0.0057009875897327,0.0010441903278302,0.0072765670259891,0.0035194178123429,1.1379786002407438e-13,0.011557222929393,0.0076188590550641,0.0015063677872621
32,300,128,20,109,0,tardos,0.03125,2,0.7,0.8046875,0.3,0.0262893497424908,0.0059755319524431,0.0012492585925786,0.0161000829699381,0.0022958802107709,0.0083590292415386,1.0591527654923605e-13,0.0193862800195468,0.0223786092474311,0.0357626557443012
32,450,128,20,100,0,tardos,0.03125,0,0.7,0.8125,0.3,0.0277845652865121,0.0071178897701145,0.0028369161117569,0.0093688134571138,0.0022890318220226,0.0070783638024425,1.3705797869855756e-05,0.0139489047524122,0.0398299989992987,0.0032914853442879
32,450,128,20,100,0,tardos,0.03125,1,0.7,0.8046875,0.3,0.0277965265006379,0.0067271003592613,0.0012795719779818,0.0059308572984357,0.0022464279219136,0.0119097901636722,9.947598300641037e-14,0.0281887706776695,0.0028745996893161,0.0347216758654771
32,450,128,20,100,0,tardos,0.03125,2,0.7,0.765625,0.3,0.0275497594180299,0.007000171175887,0.002169027334041,0.002579546055317,0.0026952008710515,0.0008855822198564,1.0424994201229837e-13,0.0059144987145144,0.0034742101027513,0.0263584403422452
32,450,128,20,101,0,tardos,0.03125,0,0.7,0.828125,0.3,0.0281708192185094,0.0073340700117208,0.0019825689333268,0.0032754576285774,0.003836640815907,0.0012691402136086,0.0002241750653768,0.001233342101051,0.0056645877217045,0.0239936304833505
32,450,128,20,101,0,tardos,0.03125,1,0.7,0.8203125,0.3,0.0270539047792137,0.0067658810989542,0.0011217626742038,0.0281444823359138,0.0024867950831738,0.0299612559716976,0.0001242079061796,0.0209204392552481,0.0130211801141351,0.0084608398915386
32,450,128,20,101,0,tardos,0.03125,2,0.7,0.828125,0.3,0.0262052759901736,0.0065155579395754,0.0045223070087964,0.0078152991938765,0.0035225507918926,0.0078108395630675,0.0001268828261357,0.0473251652456937,0.0153968559205901,0.0115098531383721
32,450,128,20,102,0,tardos,0.03125,0,0.7,0.75,0.3,0.0264151691288925,0.0066330186661184,0.0050563599641949,0.0063424335137673,0.0050921820377964,0.0051326890473989,1.2823075934420086e-13,0.0480415635697125,0.0122513825435482,0.0121131592772023
32,450,128,20,102,0,tardos,0.03125,1,0.7,0.796875,0.3,0.0282000212834744,0.0080334095198545,0.0006529430058023,0.0281326035400245,0.0052671627140669,0.0080450252779109,1.3702101290923911e-05,0.0030824413206659,0.0123585339011771,0.0225158631098184
32,450,128,20,102,0,tardos,0.03125,2,0.7,0.8125,0.3,0.0276714233151651,0.0066716702135432,0.0015506458321528,0.0083340694944636,0.0013515529184688,0.0055080967965565,1.3651616537990236e-05,0.0173464716513556,0.0124162865381641,0.0289900995838446
32,450,128,20,103,0,tardos,0.03125,0,0.7,0.7734375,0.3,0.0280890034921117,0.0069022590260924,0.0008156888909143,0.0041328751275564,0.0009534502882931,0.0066790894613695,0.0022335050520705,0.0144921388315282,0.0107701970246485,0.0273312831818855
32,450,128,20,103,0,tardos,0.03125,1,0.7,0.7578125,0.3,0.0241002819594597,0.0050500462213363,0.0019273726648227,0.0110636677949901,0.004396514800945,0.0059188307989404,0.0002226261735205,0.0170476707172817,0.0271856412485412,0.0582940085132957
32,450,128,20,103,0,tardos,0.03125,2,0.7,0.8671875,0.3,0.0255925081406912,0.0062685918893439,9.586514015852247e-05,0.0058990910848379,0.0050697686022454,0.0158121368904477,6.172840016915643e-14,0.031831507058748,0.0091563099780543,0.0239273705151054
32,450,128,20,104,0,tardos,0.03125,0,0.7,0.796875,0.3,0.0248014274331528,0.0056010235558356,4.9994452587979175e-05,0.0033269034725271,0.0034028842057481,0.0145863738973178,0.0002586600380373,0.0312783999058633,0.0048560649504524,0.0255747981444862
32,450,128,20,104,0,tardos,0.03125,1,0.7,0.8515625,0.3,0.0230905108494481,0.0049068134065086,0.0023461910026456,0.0071338989814975,0.0010241545679002,0.0156519067177193,0.0001377617535301,0.0434408239120303,0.0118535427103459,0.0123633909920004
32,450,128,20,104,0,tardos,0.03125,2,0.7,0.828125,0.3,0.027047755166735,0.0067432311797437,9.006665651482539e-05,0.0149226521868007,0.0042327003844714,0.0141900788598186,1.7541523789076826e-14,0.0210727038179186,0.0135685555834955,0.011957625223785
32,450,128,20,105,0,tardos,0.03125,0,0.7,0.84375,0.3,0.0271356658418697,0.0069003921457727,3.601120294125641e-05,0.0136689581703726,0.0032269970666267,0.0124656628009824,0.0005233282753367,0.019072272416073,0.0120304927104595,0.0121356934821322
32,450,128,20,105,0,tardos,0.03125,1,0.7,0.8515625,0.3,0.0244652223538222,0.0051291194886157,0.0029440738802309,0.0147990357844466,0.0151316450404391,0.0051810270050331,0.0002249396899813,0.0057494502521097,0.0015828739585606,0.0319652069492465
32,450,128,20,105,0,tardos,0.03125,2,0.7,0.84375,0.3,0.0287732062614927,0.007502623940699,0.0017441773514343,0.0297028103095527,0.0014987734601198,0.0137520531042517,0.0002297738881191,0.0085158932953466,0.0043312778989695,0.0261993292340125
32,450,128,20,106,0,tardos,0.03125,0,0.7,0.796875,0.3,0.028755940841654,0.0073146184042901,0.0021235109607017,0.0292531940102545,0.0009187521234463,0.0127602098013415,0.0001754673727232,0.0193514946397336,0.0019914900817459,0.024003562578851
32,450,128,20,106,0,tardos,0.03125,1,0.7,0.859375,0.3,0.0279259468596744,0.0066031509899796,0.0018732295505669,0.0008265134649128,0.0028683513867507,0.0093187341227745,0.0001230142476185,0.0291463037767984,0.0021027664638393,0.0533211230734474
32,450,128,20,106,0,tardos,0.03125,2,0.7,0.78125,0.3,0.0288087340680635,0.0076208306177507,0.004909371211096,0.0140744129171741,8.77129161253712e-05,0.002026735700387,5.5303835352791445e-05,0.0132693933835015,0.0045007148322162,0.0241323185196179
32,450,128,20,107,0,tardos,0.03125,0,0.7,0.7890625,0.3,0.0285904351563748,0.007594507813483,0.0044646456847323,0.0133332115407251,0.0004996284269156,0.0059283238197207,0.0016826585771897,0.0136360383882565,0.0103810568534476,0.0250686473122536
32,450,128,20,107,0,tardos,0.03125,1,0.7,0.8125,0.3,0.0271322613042304,0.0067205768691916,0.0014745096686398,0.0134001185992905,0.0085781514931513,0.0017224016585154,0.0006517651661287,0.0082348690003718,0.0208881586818044,0.0038634541356085
32,450,128,20,107,0,tardos,0.03125,2,0.7,0.78125,0.3,0.0269212190502477,0.0063735333508732,0.0018966959596089,0.0098505543804092,0.0006817546689387,0.009380673302215,0.0017059646876436,0.0091538344269197,0.0041421631052388,0.0122539076299109
32,450,128,20,108,0,tardos,0.03125,0,0.7,0.796875,0.3,0.0263666957358333,0.0062425040986749,0.0022939058463104,0.0086433435653831,0.0002728556432384,0.0128872187101443,2.3314683517127432e-14,0.0104345350960771,0.0006130657043745,0.0197970366623325
32,450,128,20,108,0,tardos,0.03125,1,0.7,0.78125,0.3,0.025009765757448,0.0052291847832776,0.0035434399622578,0.0005461945075606,0.006983431499782,0.0165252220228288,0.0004947144316235,0.0036970007348705,0.017335658846838,0.0238041101281815
32,450,128,20,108,0,tardos,0.03125,2,0.7,0.78125,0.3,0.0272728687625288,0.0068475963489038,0.0071923796381862,0.026282040557027,0.0050629716255544,0.0240359544591315,1.0880185641326132e-14,0.0241976178662059,0.01182212751325,0.0529509764229833
32,450,128,20,109,0,tardos,0.03125,0,0.7,0.8515625,0.3,0.0265340931518174,0.0062493984714093,0.0059553334004665,0.025372718866516,0.0068014312038326,0.0229413481544759,0.0004643727014134,0.0285692826051678,0.0133038001545022,0.0531142064457398
32,450,128,20,109,0,tardos,0.03125,1,0.7,0.78125,0.3,0.0285722150566294,0.0070035912596959,0.0039617761828236,0.0007394805949982,0.0074137334413928,0.003553061172294,0.0002181754958268,0.0110881092816167,0.0077722041174419,0.0004851517937629
32,450,128,20,109,0,tardos,0.03125,2,0.7,0.8359375,0.3,0.0261652143219254,0.0058608753752884,5.654247831541893e-05,0.0173355195525651,0.0017994377447021,0.0078205578923458,0.001999067087703,0.020852321754768,0.0228715723028144,0.0359794425405726
32,300,128,20,100,0,tardos,0.03125,0,0.8,0.7890625,0.1999999999999999,0.0279373407894191,0.0072250602180591,0.0034572965636376,0.0099626789705853,0.0022940516583417,0.0070641963320651,9.259260025373465e-14,0.0137444522560305,0.0398876335318347,0.00366160369395
32,300,128,20,100,0,tardos,0.03125,1,0.8,0.796875,0.1999999999999999,0.027580518882534,0.0065976160400813,0.0009669173046691,0.0059947695494459,0.0020373291673876,0.0122630532708972,9.947598300641037e-14,0.0276275538360156,0.003282873104395,0.0347810867139561
32,300,128,20,100,0,tardos,0.03125,2,0.8,0.7421875,0.1999999999999999,0.0275185558064665,0.0070927513896937,0.0028949062499001,0.0038257324990576,0.0024836746495118,0.0005281763415236,1.0424994201229837e-13,0.0057041723426786,0.003488730970213,0.0264387123753961
32,300,128,20,101,0,tardos,0.03125,0,0.8,0.8515625,0.1999999999999999,0.0279142145376218,0.0073106328238132,0.0038982677406021,0.0057458345166587,0.0038052988743608,0.0012953296422301,1.0424994201229837e-13,0.0003895573535762,0.0070572869357663,0.0243541227614888
32,300,128,20,101,0,tardos,0.03125,1,0.8,0.765625,0.1999999999999999,0.0275154032532171,0.0072045549285736,3.916417657789928e-05,0.0296402215731602,0.002521294295349,0.0299195151645309,2.8865798640253004e-14,0.0205279191469154,0.0150983928940652,0.008773630326068
32,300,128,20,101,0,tardos,0.03125,2,0.8,0.8203125,0.1999999999999999,0.026154596948953,0.0065092681840355,0.0041115410160406,0.0071990915774361,0.0035085314107855,0.0077986102434999,0.0001268828261357,0.0466065560884363,0.0142648618117531,0.0116766131715596
32,300,128,20,102,0,tardos,0.03125,0,0.8,0.7890625,0.1999999999999999,0.0268831007057017,0.0069714444785587,0.0044740880696308,0.0053230555940707,0.0050764459880427,0.0051204328307314,1.2823075934420086e-13,0.0477466162601492,0.0124492738398406,0.0171782050299588
32,300,128,20,102,0,tardos,0.03125,1,0.8,0.828125,0.1999999999999999,0.0284544979787946,0.0082697779921718,0.0007702977924249,0.0282136878781605,0.0052895143619101,0.0080753141148364,6.439293542825671e-15,0.0004457406017296,0.0126880010605264,0.0211914168918939
32,300,128,20,102,0,tardos,0.03125,2,0.8,0.84375,0.1999999999999999,0.0278140510600735,0.0068629841554978,0.0001471345566465,0.006432789327832,0.0013367033732502,0.0054438786374862,2.1982415887577292e-14,0.0182574069190424,0.0118289858354042,0.0307023354759087
32,300,128,20,103,0,tardos,0.03125,0,0.8,0.7578125,0.1999999999999999,0.0278523955199528,0.0067341392119597,0.001211515934309,0.0030240282535692,0.0009409171165073,0.0069291260263159,0.0022335050520705,0.0149408087302912,0.011087428814193,0.0290911577520959
32,300,128,20,103,0,tardos,0.03125,1,0.8,0.7734375,0.1999999999999999,0.0240638930609277,0.0051017242633235,0.0037870972646779,0.0131237409173414,0.0043856098324173,0.0056826332726623,6.838973831690713e-14,0.0167693947939175,0.0271971193673861,0.0608094308251397
32,300,128,20,103,0,tardos,0.03125,2,0.8,0.859375,0.1999999999999999,0.0254798872027664,0.006321483475498,0.0011093089309745,0.0068453751661212,0.0050870652979756,0.016019647272697,6.172840016915643e-14,0.0312495214324997,0.0089989784578722,0.0273081150133083
32,300,128,20,104,0,tardos,0.03125,0,0.8,0.8125,0.1999999999999999,0.0249484801173508,0.0057784691589668,0.0009234810204715,0.0044311547077393,0.0033807013807135,0.0146306423317443,6.172840016915643e-14,0.0311085084514273,0.0061923238801485,0.0264105493752599
32,300,128,20,104,0,tardos,0.03125,1,0.8,0.8828125,0.1999999999999999,0.0234255002805456,0.0050787304134823,0.0018007167207181,0.0057213644374614,0.0010212506144437,0.0156660025243359,5.562217353371829e-14,0.0431085816426327,0.0129264254601053,0.0126104872153741
32,300,128,20,104,0,tardos,0.03125,2,0.8,0.7890625,0.1999999999999999,0.0272104021899208,0.0069785669497393,0.0006889560719553,0.0138060968500343,0.0042195948855695,0.0141778945937832,1.7541523789076826e-14,0.0219468946107912,0.0125478603828786,0.0129570239201321
32,300,128,20,105,0,tardos,0.03125,0,0.8,0.8359375,0.1999999999999999,0.0271685043665303,0.0069917580520056,0.0004230975167145,0.0127343960656047,0.0034408325566573,0.0124817798949487,1.7541523789076826e-14,0.0188058642365322,0.015338461932522,0.013965187708842
32,300,128,20,105,0,tardos,0.03125,1,0.8,0.8515625,0.1999999999999999,0.0246875195940024,0.0052088027519783,0.002593182789647,0.0145395734317951,0.0151264993409477,0.005206219944582,1.2434497875801296e-14,0.0053513948442087,0.0004986946467718,0.0309885030807153
32,300,128,20,105,0,tardos,0.03125,2,0.8,0.828125,0.1999999999999999,0.0288981781515383,0.0076093424901201,0.0021549306398384,0.0294359692448158,0.0013668949765466,0.0135644839892963,2.8643754035327985e-14,0.00801911837353,0.0032562324912025,0.0275434698388571
32,300,128,20,106,0,tardos,0.03125,0,0.8,0.796875,0.1999999999999999,0.0284409429138981,0.0072688228024489,0.0030702271534298,0.027600516263089,0.0008971558790819,0.0127222526200133,5.4067040749503865e-05,0.0187993783807615,0.0023954218161958,0.0235968810162362
32,300,128,20,106,0,tardos,0.03125,1,0.8,0.875,0.1999999999999999,0.027903885309902,0.0066543730678674,0.001413958582582,0.0015201619021011,0.0027475743822613,0.0099554502265732,1.1990408665951247e-14,0.0291717623612788,0.002260050011222,0.0532270194129029
32,300,128,20,106,0,tardos,0.03125,2,0.8,0.78125,0.1999999999999999,0.0285282969488653,0.007580916852036,0.0037101136960122,0.0121728608008332,3.012468531314244e-05,0.0019909338455039,5.5303835352791445e-05,0.0117908895004116,0.0049773477665588,0.023725223656023
32,300,128,20,107,0,tardos,0.03125,0,0.8,0.7578125,0.1999999999999999,0.0284842435669868,0.0075637415993567,0.0039207151612324,0.0126415256491755,0.0008052028087816,0.0056284916679488,1.4210854715201481e-14,0.0129645356413533,0.0079662136027361,0.0246263789462113
32,300,128,20,107,0,tardos,0.03125,1,0.8,0.765625,0.1999999999999999,0.027479012921386,0.006914377285049,0.0008988558243954,0.0127896572603502,0.0086187016223257,0.0015321010667226,3.5971225997853747e-14,0.0064795694378258,0.0212868027864735,0.0009554190030763
32,300,128,20,107,0,tardos,0.03125,2,0.8,0.75,0.1999999999999999,0.0269821662527722,0.0065373592811414,0.0002912875587684,0.0122588466990075,0.0006690460872816,0.0093919972362326,2.3314683517127432e-14,0.0089443362847951,0.0020820290333407,0.0106381723680342
32,300,128,20,108,0,tardos,0.03125,0,0.8,0.8046875,0.1999999999999999,0.0270146433365889,0.0065852689838948,0.001259756419501,0.0098215500477406,0.0002728556432384,0.0128872187101443,2.3314683517127432e-14,0.009242737446892,0.0009095478451656,0.0186357273059314
32,300,128,20,108,0,tardos,0.03125,1,0.8,0.8046875,0.1999999999999999,0.0251103242548692,0.0053111526366236,0.0027951336050967,0.0003847939920887,0.0069430163652073,0.0164858698658317,2.8199664825477935e-14,0.0044404117822415,0.0189735948260386,0.0242497142198225
32,300,128,20,108,0,tardos,0.03125,2,0.8,0.8046875,0.1999999999999999,0.0268530155759012,0.0065236354473648,0.0062953326228161,0.0261038328488712,0.0053778732724283,0.0242376583264308,1.0880185641326132e-14,0.0241812170423146,0.0118872776555541,0.0538531397165034
32,300,128,20,109,0,tardos,0.03125,0,0.8,0.8359375,0.1999999999999999,0.0265692732341673,0.0063348790637828,0.0043793083698724,0.023739495648333,0.0074255442637952,0.023001204294578,0.0001225477620572,0.0289108283598467,0.0131333529664623,0.0543808265750934
32,300,128,20,109,0,tardos,0.03125,1,0.8,0.8046875,0.1999999999999999,0.0287500980890077,0.0071157527360426,0.0057009875897327,0.0010441903278302,0.0072765670259891,0.0035194178123429,1.1379786002407438e-13,0.011557222929393,0.0076188590550641,0.0015063677872621
32,300,128,20,109,0,tardos,0.03125,2,0.8,0.8046875,0.1999999999999999,0.0262893497424908,0.0059755319524431,0.0012492585925786,0.0161000829699381,0.0022958802107709,0.0083590292415386,1.0591527654923605e-13,0.0193862800195468,0.0223786092474311,0.0357626557443012
32,450,128,20,100,0,tardos,0.03125,0,0.8,0.8125,0.1999999999999999,0.0277845652865121,0.0071178897701145,0.0028369161117569,0.0093688134571138,0.0022890318220226,0.0070783638024425,1.3705797869855756e-05,0.0139489047524122,0.0398299989992987,0.0032914853442879
32,450,128,20,100,0,tardos,0.03125,1,0.8,0.8046875,0.1999999999999999,0.0277965265006379,0.0067271003592613,0.0012795719779818,0.0059308572984357,0.0022464279219136,0.0119097901636722,9.947598300641037e-14,0.0281887706776695,0.0028745996893161,0.0347216758654771
32,450,128,20,100,0,tardos,0.03125,2,0.8,0.765625,0.1999999999999999,0.0275497594180299,0.007000171175887,0.002169027334041,0.002579546055317,0.0026952008710515,0.0008855822198564,1.0424994201229837e-13,0.0059144987145144,0.0034742101027513,0.0263584403422452
32,450,128,20,101,0,tardos,0.03125,0,0.8,0.828125,0.1999999999999999,0.0281708192185094,0.0073340700117208,0.0019825689333268,0.0032754576285774,0.003836640815907,0.0012691402136086,0.0002241750653768,0.001233342101051,0.0056645877217045,0.0239936304833505
32,450,128,20,101,0,tardos,0.03125,1,0.8,0.8203125,0.1999999999999999,0.0270539047792137,0.0067658810989542,0.0011217626742038,0.0281444823359138,0.0024867950831738,0.0299612559716976,0.0001242079061796,0.0209204392552481,0.0130211801141351,0.0084608398915386
32,450,128,20,101,0,tardos,0.03125,2,0.8,0.828125,0.1999999999999999,0.0262052759901736,0.0065155579395754,0.0045223070087964,0.0078152991938765,0.0035225507918926,0.0078108395630675,0.0001268828261357,0.0473251652456937,0.0153968559205901,0.0115098531383721
32,450,128,20,102,0,tardos,0.03125,0,0.8,0.75,0.1999999999999999,0.0264151691288925,0.0066330186661184,0.0050563599641949,0.0063424335137673,0.0050921820377964,0.0051326890473989,1.2823075934420086e-13,0.0480415635697125,0.0122513825435482,0.0121131592772023
32,450,128,20,102,0,tardos,0.03125,1,0.8,0.796875,0.1999999999999999,0.0282000212834744,0.0080334095198545,0.0006529430058023,0.0281326035400245,0.0052671627140669,0.0080450252779109,1.3702101290923911e-05,0.0030824413206659,0.0123585339011771,0.0225158631098184
32,450,128,20,102,0,tardos,0.03125,2,0.8,0.8125,0.1999999999999999,0.0276714233151651,0.0066716702135432,0.0015506458321528,0.0083340694944636,0.0013515529184688,0.0055080967965565,1.3651616537990236e-05,0.0173464716513556,0.0124162865381641,0.0289900995838446
32,450,128,20,103,0,tardos,0.03125,0,0.8,0.7734375,0.1999999999999999,0.0280890034921117,0.0069022590260924,0.0008156888909143,0.0041328751275564,0.0009534502882931,0.0066790894613695,0.0022335050520705,0.0144921388315282,0.0107701970246485,0.0273312831818855
32,450,128,20,103,0,tardos,0.03125,1,0.8,0.7578125,0.1999999999999999,0.0241002819594597,0.0050500462213363,0.0019273726648227,0.0110636677949901,0.004396514800945,0.0059188307989404,0.0002226261735205,0.0170476707172817,0.0271856412485412,0.0582940085132957
32,450,128,20,103,0,tardos,0.03125,2,0.8,0.8671875,0.1999999999999999,0.0255925081406912,0.0062685918893439,9.586514015852247e-05,0.0058990910848379,0.0050697686022454,0.0158121368904477,6.172840016915643e-14,0.031831507058748,0.0091563099780543,0.0239273705151054
32,450,128,20,104,0,tardos,0.03125,0,0.8,0.796875,0.1999999999999999,0.0248014274331528,0.0056010235558356,4.9994452587979175e-05,0.0033269034725271,0.0034028842057481,0.0145863738973178,0.0002586600380373,0.0312783999058633,0.0048560649504524,0.0255747981444862
32,450,128,20,104,0,tardos,0.03125,1,0.8,0.8515625,0.1999999999999999,0.0230905108494481,0.0049068134065086,0.0023461910026456,0.0071338989814975,0.0010241545679002,0.0156519067177193,0.0001377617535301,0.0434408239120303,0.0118535427103459,0.0123633909920004
32,450,128,20,104,0,tardos,0.03125,2,0.8,0.828125,0.1999999999999999,0.027047755166735,0.0067432311797437,9.006665651482539e-05,0.0149226521868007,0.0042327003844714,0.0141900788598186,1.7541523789076826e-14,0.0210727038179186,0.0135685555834955,0.011957625223785
32,450,128,20,105,0,tardos,0.03125,0,0.8,0.84375,0.1999999999999999,0.0271356658418697,0.0069003921457727,3.601120294125641e-05,0.0136689581703726,0.0032269970666267,0.0124656628009824,0.0005233282753367,0.019072272416073,0.0120304927104595,0.0121356934821322
32,450,128,20,105,0,tardos,0.03125,1,0.8,0.8515625,0.1999999999999999,0.0244652223538222,0.0051291194886157,0.0029440738802309,0.0147990357844466,0.0151316450404391,0.0051810270050331,0.0002249396899813,0.0057494502521097,0.0015828739585606,0.0319652069492465
32,450,128,20,105,0,tardos,0.03125,2,0.8,0.84375,0.1999999999999999,0.0287732062614927,0.007502623940699,0.0017441773514343,0.0297028103095527,0.0014987734601198,0.0137520531042517,0.0002297738881191,0.0085158932953466,0.0043312778989695,0.0261993292340125
32,450,128,20,106,0,tardos,0.03125,0,0.8,0.796875,0.1999999999999999,0.028755940841654,0.0073146184042901,0.0021235109607017,0.0292531940102545,0.0009187521234463,0.0127602098013415,0.0001754673727232,0.0193514946397336,0.0019914900817459,0.024003562578851
32,450,128,20,106,0,tardos,0.03125,1,0.8,0.859375,0.1999999999999999,0.0279259468596744,0.0066031509899796,0.0018732295505669,0.0008265134649128,0.0028683513867507,0.0093187341227745,0.0001230142476185,0.0291463037767984,0.0021027664638393,0.0533211230734474
32,450,128,20,106,0,tardos,0.03125,2,0.8,0.78125,0.1999999999999999,0.0288087340680635,0.0076208306177507,0.004909371211096,0.0140744129171741,8.77129161253712e-05,0.002026735700387,5.5303835352791445e-05,0.0132693933835015,0.0045007148322162,0.0241323185196179
32,450,128,20,107,0,tardos,0.03125,0,0.8,0.7890625,0.1999999999999999,0.0285904351563748,0.007594507813483,0.0044646456847323,0.0133332115407251,0.0004996284269156,0.0059283238197207,0.0016826585771897,0.0136360383882565,0.0103810568534476,0.0250686473122536
32,450,128,20,107,0,tardos,0.03125,1,0.8,0.8125,0.1999999999999999,0.0271322613042304,0.0067205768691916,0.0014745096686398,0.0134001185992905,0.0085781514931513,0.0017224016585154,0.0006517651661287,0.0082348690003718,0.0208881586818044,0.0038634541356085
32,450,128,20,107,0,tardos,0.03125,2,0.8,0.78125,0.1999999999999999,0.0269212190502477,0.0063735333508732,0.0018966959596089,0.0098505543804092,0.0006817546689387,0.009380673302215,0.0017059646876436,0.0091538344269197,0.0041421631052388,0.0122539076299109
32,450,128,20,108,0,tardos,0.03125,0,0.8,0.796875,0.1999999999999999,0.0263666957358333,0.0062425040986749,0.0022939058463104,0.0086433435653831,0.0002728556432384,0.0128872187101443,2.3314683517127432e-14,0.0104345350960771,0.0006130657043745,0.0197970366623325
32,450,128,20,108,0,tardos,0.03125,1,0.8,0.78125,0.1999999999999999,0.025009765757448,0.0052291847832776,0.0035434399622578,0.0005461945075606,0.006983431499782,0.0165252220228288,0.0004947144316235,0.0036970007348705,0.017335658846838,0.0238041101281815
32,450,128,20,108,0,tardos,0.03125,2,0.8,0.78125,0.1999999999999999,0.0272728687625288,0.0068475963489038,0.0071923796381862,0.026282040557027,0.0050629716255544,0.0240359544591315,1.0880185641326132e-14,0.0241976178662059,0.01182212751325,0.0529509764229833
32,450,128,20,109,0,tardos,0.03125,0,0.8,0.8515625,0.1999999999999999,0.0265340931518174,0.0062493984714093,0.0059553334004665,0.025372718866516,0.0068014312038326,0.0229413481544759,0.0004643727014134,0.0285692826051678,0.0133038001545022,0.0531142064457398
32,450,128,20,109,0,tardos,0.03125,1,0.8,0.78125,0.1999999999999999,0.0285722150566294,0.0070035912596959,0.0039617761828236,0.0007394805949982,0.0074137334413928,0.003553061172294,0.0002181754958268,0.0110881092816167,0.0077722041174419,0.0004851517937629
32,450,128,20,109,0,tardos,0.03125,2,0.8,0.8359375,0.1999999999999999,0.0261652143219254,0.0058608753752884,5.654247831541893e-05,0.0173355195525651,0.0017994377447021,0.0078205578923458,0.001999067087703,0.020852321754768,0.0228715723028144,0.0359794425405726
32,300,128,20,100,0,tardos,0.03125,0,0.9,0.7890625,0.0999999999999999,0.0279373407894191,0.0072250602180591,0.0034572965636376,0.0099626789705853,0.0022940516583417,0.0070641963320651,9.259260025373465e-14,0.0137444522560305,0.0398876335318347,0.00366160369395
32,300,128,20,100,0,tardos,0.03125,1,0.9,0.796875,0.0999999999999999,0.027580518882534,0.0065976160400813,0.0009669173046691,0.0059947695494459,0.0020373291673876,0.0122630532708972,9.947598300641037e-14,0.0276275538360156,0.003282873104395,0.0347810867139561
32,300,128,20,100,0,tardos,0.03125,2,0.9,0.7421875,0.0999999999999999,0.0275185558064665,0.0070927513896937,0.0028949062499001,0.0038257324990576,0.0024836746495118,0.0005281763415236,1.0424994201229837e-13,0.0057041723426786,0.003488730970213,0.0264387123753961
32,300,128,20,101,0,tardos,0.03125,0,0.9,0.8515625,0.0999999999999999,0.0279142145376218,0.0073106328238132,0.0038982677406021,0.0057458345166587,0.0038052988743608,0.0012953296422301,1.0424994201229837e-13,0.0003895573535762,0.0070572869357663,0.0243541227614888
32,300,128,20,101,0,tardos,0.03125,1,0.9,0.765625,0.0999999999999999,0.0275154032532171,0.0072045549285736,3.916417657789928e-05,0.0296402215731602,0.002521294295349,0.0299195151645309,2.8865798640253004e-14,0.0205279191469154,0.0150983928940652,0.008773630326068
32,300,128,20,101,0,tardos,0.03125,2,0.9,0.8203125,0.0999999999999999,0.026154596948953,0.0065092681840355,0.0041115410160406,0.0071990915774361,0.0035085314107855,0.0077986102434999,0.0001268828261357,0.0466065560884363,0.0142648618117531,0.0116766131715596
32,300,128,20,102,0,tardos,0.03125,0,0.9,0.7890625,0.0999999999999999,0.0268831007057017,0.0069714444785587,0.0044740880696308,0.0053230555940707,0.0050764459880427,0.0051204328307314,1.2823075934420086e-13,0.0477466162601492,0.0124492738398406,0.0171782050299588
32,300,128,20,102,0,tardos,0.03125,1,0.9,0.8359375,0.0999999999999999,0.0284544979787946,0.0082697779921718,0.0007702977924249,0.0282136878781605,0.0052895143619101,0.0080753141148364,6.439293542825671e-15,0.0004457406017296,0.0126880010605264,0.0211914168918939
32,300,128,20,102,0,tardos,0.03125,2,0.9,0.84375,0.0999999999999999,0.0278140510600735,0.0068629841554978,0.0001471345566465,0.006432789327832,0.0013367033732502,0.0054438786374862,2.1982415887577292e-14,0.0182574069190424,0.0118289858354042,0.0307023354759087
32,300,128,20,103,0,tardos,0.03125,0,0.9,0.7578125,0.0999999999999999,0.0278523955199528,0.0067341392119597,0.001211515934309,0.0030240282535692,0.0009409171165073,0.0069291260263159,0.0022335050520705,0.0149408087302912,0.011087428814193,0.0290911577520959
32,300,128,20,103,0,tardos,0.03125,1,0.9,0.7734375,0.0999999999999999,0.0240638930609277,0.0051017242633235,0.0037870972646779,0.0131237409173414,0.0043856098324173,0.0056826332726623,6.838973831690713e-14,0.0167693947939175,0.0271971193673861,0.0608094308251397
32,300,128,20,103,0,tardos,0.03125,2,0.9,0.859375,0.0999999999999999,0.0254798872027664,0.006321483475498,0.0011093089309745,0.0068453751661212,0.0050870652979756,0.016019647272697,6.172840016915643e-14,0.0312495214324997,0.0089989784578722,0.0273081150133083
32,300,128,20,104,0,tardos,0.03125,0,0.9,0.8125,0.0999999999999999,0.0249484801173508,0.0057784691589668,0.0009234810204715,0.0044311547077393,0.0033807013807135,0.0146306423317443,6.172840016915643e-14,0.0311085084514273,0.0061923238801485,0.0264105493752599
32,300,128,20,104,0,tardos,0.03125,1,0.9,0.8828125,0.0999999999999999,0.0234255002805456,0.0050787304134823,0.0018007167207181,0.0057213644374614,0.0010212506144437,0.0156660025243359,5.562217353371829e-14,0.0431085816426327,0.0129264254601053,0.0126104872153741
32,300,128,20,104,0,tardos,0.03125,2,0.9,0.7890625,0.0999999999999999,0.0272104021899208,0.0069785669497393,0.0006889560719553,0.0138060968500343,0.0042195948855695,0.0141778945937832,1.7541523789076826e-14,0.0219468946107912,0.0125478603828786,0.0129570239201321
32,300,128,20,105,0,tardos,0.03125,0,0.9,0.8359375,0.0999999999999999,0.0271685043665303,0.0069917580520056,0.0004230975167145,0.0127343960656047,0.0034408325566573,0.0124817798949487,1.7541523789076826e-14,0.0188058642365322,0.015338461932522,0.013965187708842
32,300,128,20,105,0,tardos,0.03125,1,0.9,0.8515625,0.0999999999999999,0.0246875195940024,0.0052088027519783,0.002593182789647,0.0145395734317951,0.0151264993409477,0.005206219944582,1.2434497875801296e-14,0.0053513948442087,0.0004986946467718,0.0309885030807153
32,300,128,20,105,0,tardos,0.03125,2,0.9,0.8203125,0.0999999999999999,0.0288981781515383,0.0076093424901201,0.0021549306398384,0.0294359692448158,0.0013668949765466,0.0135644839892963,2.8643754035327985e-14,0.00801911837353,0.0032562324912025,0.0275434698388571
32,300,128,20,106,0,tardos,0.03125,0,0.9,0.796875,0.0999999999999999,0.0284409429138981,0.0072688228024489,0.0030702271534298,0.027600516263089,0.0008971558790819,0.0127222526200133,5.4067040749503865e-05,0.0187993783807615,0.0023954218161958,0.0235968810162362
32,300,128,20,106,0,tardos,0.03125,1,0.9,0.875,0.0999999999999999,0.027903885309902,0.0066543730678674,0.001413958582582,0.0015201619021011,0.0027475743822613,0.0099554502265732,1.1990408665951247e-14,0.0291717623612788,0.002260050011222,0.0532270194129029
32,300,128,20,106,0,tardos,0.03125,2,0.9,0.78125,0.0999999999999999,0.0285282969488653,0.007580916852036,0.0037101136960122,0.0121728608008332,3.012468531314244e-05,0.0019909338455039,5.5303835352791445e-05,0.0117908895004116,0.0049773477665588,0.023725223656023
32,300,128,20,107,0,tardos,0.03125,0,0.9,0.7578125,0.0999999999999999,0.0284842435669868,0.0075637415993567,0.0039207151612324,0.0126415256491755,0.0008052028087816,0.0056284916679488,1.4210854715201481e-14,0.0129645356413533,0.0079662136027361,0.0246263789462113
32,300,128,20,107,0,tardos,0.03125,1,0.9,0.765625,0.0999999999999999,0.027479012921386,0.006914377285049,0.0008988558243954,0.0127896572603502,0.0086187016223257,0.0015321010667226,3.5971225997853747e-14,0.0064795694378258,0.0212868027864735,0.0009554190030763
32,300,128,20,107,0,tardos,0.03125,2,0.9,0.75,0.0999999999999999,0.0269821662527722,0.0065373592811414,0.0002912875587684,0.0122588466990075,0.0006690460872816,0.0093919972362326,2.3314683517127432e-14,0.0089443362847951,0.0020820290333407,0.0106381723680342
32,300,128,20,108,0,tardos,0.03125,0,0.9,0.8046875,0.0999999999999999,0.0270146433365889,0.0065852689838948,0.001259756419501,0.0098215500477406,0.0002728556432384,0.0128872187101443,2.3314683517127432e-14,0.009242737446892,0.0009095478451656,0.0186357273059314
32,300,128,20,108,0,tardos,0.03125,1,0.9,0.8046875,0.0999999999999999,0.0251103242548692,0.0053111526366236,0.0027951336050967,0.0003847939920887,0.0069430163652073,0.0164858698658317,2.8199664825477935e-14,0.0044404117822415,0.0189735948260386,0.0242497142198225
32,300,128,20,108,0,tardos,0.03125,2,0.9,0.8046875,0.0999999999999999,0.0268530155759012,0.0065236354473648,0.0062953326228161,0.0261038328488712,0.0053778732724283,0.0242376583264308,1.0880185641326132e-14,0.0241812170423146,0.0118872776555541,0.0538531397165034
32,300,128,20,109,0,tardos,0.03125,0,0.9,0.8359375,0.0999999999999999,0.0265692732341673,0.0063348790637828,0.0043793083698724,0.023739495648333,0.0074255442637952,0.023001204294578,0.0001225477620572,0.0289108283598467,0.0131333529664623,0.0543808265750934
32,300,128,20,109,0,tardos,0.03125,1,0.9,0.8046875,0.0999999999999999,0.0287500980890077,0.0071157527360426,0.0057009875897327,0.0010441903278302,0.0072765670259891,0.0035194178123429,1.1379786002407438e-13,0.011557222929393,0.0076188590550641,0.0015063677872621
32,300,128,20,109,0,tardos,0.03125,2,0.9,0.796875,0.0999999999999999,0.0262893497424908,0.0059755319524431,0.0012492585925786,0.0161000829699381,0.0022958802107709,0.0083590292415386,1.0591527654923605e-13,0.0193862800195468,0.0223786092474311,0.0357626557443012
32,450,128,20,100,0,tardos,0.03125,0,0.9,0.8125,0.0999999999999999,0.0277845652865121,0.0071178897701145,0.0028369161117569,0.0093688134571138,0.0022890318220226,0.0070783638024425,1.3705797869855756e-05,0.0139489047524122,0.0398299989992987,0.0032914853442879
32,450,128,20,100,0,tardos,0.03125,1,0.9,0.8046875,0.0999999999999999,0.0277965265006379,0.0067271003592613,0.0012795719779818,0.0059308572984357,0.0022464279219136,0.0119097901636722,9.947598300641037e-14,0.0281887706776695,0.0028745996893161,0.0347216758654771
32,450,128,20,100,0,tardos,0.03125,2,0.9,0.765625,0.0999999999999999,0.0275497594180299,0.007000171175887,0.002169027334041,0.002579546055317,0.0026952008710515,0.0008855822198564,1.0424994201229837e-13,0.0059144987145144,0.0034742101027513,0.0263584403422452
32,450,128,20,101,0,tardos,0.03125,0,0.9,0.828125,0.0999999999999999,0.0281708192185094,0.0073340700117208,0.0019825689333268,0.0032754576285774,0.003836640815907,0.0012691402136086,0.0002241750653768,0.001233342101051,0.0056645877217045,0.0239936304833505
32,450,128,20,101,0,tardos,0.03125,1,0.9,0.8203125,0.0999999999999999,0.0270539047792137,0.0067658810989542,0.0011217626742038,0.0281444823359138,0.0024867950831738,0.0299612559716976,0.0001242079061796,0.0209204392552481,0.0130211801141351,0.0084608398915386
32,450,128,20,101,0,tardos,0.03125,2,0.9,0.828125,0.0999999999999999,0.0262052759901736,0.0065155579395754,0.0045223070087964,0.0078152991938765,0.0035225507918926,0.0078108395630675,0.0001268828261357,0.0473251652456937,0.0153968559205901,0.0115098531383721
32,450,128,20,102,0,tardos,0.03125,0,0.9,0.75,0.0999999999999999,0.0264151691288925,0.0066330186661184,0.0050563599641949,0.0063424335137673,0.0050921820377964,0.0051326890473989,1.2823075934420086e-13,0.0480415635697125,0.0122513825435482,0.0121131592772023
32,450,128,20,102,0,tardos,0.03125,1,0.9,0.796875,0.0999999999999999,0.0282000212834744,0.0080334095198545,0.0006529430058023,0.0281326035400245,0.0052671627140669,0.0080450252779109,1.3702101290923911e-05,0.0030824413206659,0.0123585339011771,0.0225158631098184
32,450,128,20,102,0,tardos,0.03125,2,0.9,0.8125,0.0999999999999999,0.0276714233151651,0.0066716702135432,0.0015506458321528,0.0083340694944636,0.0013515529184688,0.0055080967965565,1.3651616537990236e-05,0.0173464716513556,0.0124162865381641,0.0289900995838446
32,450,128,20,103,0,tardos,0.03125,0,0.9,0.7734375,0.0999999999999999,0.0280890034921117,0.0069022590260924,0.0008156888909143,0.0041328751275564,0.0009534502882931,0.0066790894613695,0.0022335050520705,0.0144921388315282,0.0107701970246485,0.0273312831818855
32,450,128,20,103,0,tardos,0.03125,1,0.9,0.7578125,0.0999999999999999,0.0241002819594597,0.0050500462213363,0.0019273726648227,0.0110636677949901,0.004396514800945,0.0059188307989404,0.0002226261735205,0.0170476707172817,0.0271856412485412,0.0582940085132957
32,450,128,20,103,0,tardos,0.03125,2,0.9,0.8671875,0.0999999999999999,0.0255925081406912,0.0062685918893439,9.586514015852247e-05,0.0058990910848379,0.0050697686022454,0.0158121368904477,6.172840016915643e-14,0.031831507058748,0.0091563099780543,0.0239273705151054
32,450,128,20,104,0,tardos,0.03125,0,0.9,0.796875,0.0999999999999999,0.0248014274331528,0.0056010235558356,4.9994452587979175e-05,0.0033269034725271,0.0034028842057481,0.0145863738973178,0.0002586600380373,0.0312783999058633,0.0048560649504524,0.0255747981444862
32,450,128,20,104,0,tardos,0.03125,1,0.9,0.8515625,0.0999999999999999,0.0230905108494481,0.0049068134065086,0.0023461910026456,0.0071338989814975,0.0010241545679002,0.0156519067177193,0.0001377617535301,0.0434408239120303,0.0118535427103459,0.0123633909920004
32,450,128,20,104,0,tardos,0.03125,2,0.9,0.828125,0.0999999999999999,0.027047755166735,0.0067432311797437,9.006665651482539e-05,0.0149226521868007,0.0042327003844714,0.0141900788598186,1.7541523789076826e-14,0.0210727038179186,0.0135685555834955,0.011957625223785
32,450,128,20,105,0,tardos,0.03125,0,0.9,0.84375,0.0999999999999999,0.0271356658418697,0.0069003921457727,3.601120294125641e-05,0.0136689581703726,0.0032269970666267,0.0124656628009824,0.0005233282753367,0.019072272416073,0.0120304927104595,0.0121356934821322
32,450,128,20,105,0,tardos,0.03125,1,0.9,0.8515625,0.0999999999999999,0.0244652223538222,0.0051291194886157,0.0029440738802309,0.0147990357844466,0.0151316450404391,0.0051810270050331,0.0002249396899813,0.0057494502521097,0.0015828739585606,0.0319652069492465
32,450,128,20,105,0,tardos,0.03125,2,0.9,0.84375,0.0999999999999999,0.0287732062614927,0.007502623940699,0.0017441773514343,0.0297028103095527,0.0014987734601198,0.0137520531042517,0.0002297738881191,0.0085158932953466,0.0043312778989695,0.0261993292340125
32,450,128,20,106,0,tardos,0.03125,0,0.9,0.796875,0.0999999999999999,0.028755940841654,0.0073146184042901,0.0021235109607017,0.0292531940102545,0.0009187521234463,0.0127602098013415,0.0001754673727232,0.0193514946397336,0.0019914900817459,0.024003562578851
32,450,128,20,106,0,tardos,0.03125,1,0.9,0.859375,0.0999999999999999,0.0279259468596744,0.0066031509899796,0.0018732295505669,0.0008265134649128,0.0028683513867507,0.0093187341227745,0.0001230142476185,0.0291463037767984,0.0021027664638393,0.0533211230734474
32,450,128,20,106,0,tardos,0.03125,2,0.9,0.78125,0.0999999999999999,0.0288087340680635,0.0076208306177507,0.004909371211096,0.0140744129171741,8.77129161253712e-05,0.002026735700387,5.5303835352791445e-05,0.0132693933835015,0.0045007148322162,0.0241323185196179
32,450,128,20,107,0,tardos,0.03125,0,0.9,0.7890625,0.0999999999999999,0.0285904351563748,0.007594507813483,0.0044646456847323,0.0133332115407251,0.0004996284269156,0.0059283238197207,0.0016826585771897,0.0136360383882565,0.0103810568534476,0.0250686473122536
32,450,128,20,107,0,tardos,0.03125,1,0.9,0.8125,0.0999999999999999,0.0271322613042304,0.0067205768691916,0.0014745096686398,0.0134001185992905,0.0085781514931513,0.0017224016585154,0.0006517651661287,0.0082348690003718,0.0208881586818044,0.0038634541356085
32,450,128,20,107,0,tardos,0.03125,2,0.9,0.78125,0.0999999999999999,0.0269212190502477,0.0063735333508732,0.0018966959596089,0.0098505543804092,0.0006817546689387,0.009380673302215,0.0017059646876436,0.0091538344269197,0.0041421631052388,0.0122539076299109
32,450,128,20,108,0,tardos,0.03125,0,0.9,0.796875,0.0999999999999999,0.0263666957358333,0.0062425040986749,0.0022939058463104,0.0086433435653831,0.0002728556432384,0.0128872187101443,2.3314683517127432e-14,0.0104345350960771,0.0006130657043745,0.0197970366623325
32,450,128,20,108,0,tardos,0.03125,1,0.9,0.78125,0.0999999999999999,0.025009765757448,0.0052291847832776,0.0035434399622578,0.0005461945075606,0.006983431499782,0.0165252220228288,0.0004947144316235,0.0036970007348705,0.017335658846838,0.0238041101281815
32,450,128,20,108,0,tardos,0.03125,2,0.9,0.78125,0.0999999999999999,0.0272728687625288,0.0068475963489038,0.0071923796381862,0.026282040557027,0.0050629716255544,0.0240359544591315,1.0880185641326132e-14,0.0241976178662059,0.01182212751325,0.0529509764229833
32,450,128,20,109,0,tardos,0.03125,0,0.9,0.8515625,0.0999999999999999,0.0265340931518174,0.0062493984714093,0.0059553334004665,0.025372718866516,0.0068014312038326,0.0229413481544759,0.0004643727014134,0.0285692826051678,0.0133038001545022,0.0531142064457398
32,450,128,20,109,0,tardos,0.03125,1,0.9,0.78125,0.0999999999999999,0.0285722150566294,0.0070035912596959,0.0039617761828236,0.0007394805949982,0.0074137334413928,0.003553061172294,0.0002181754958268,0.0110881092816167,0.0077722041174419,0.0004851517937629
32,450,128,20,109,0,tardos,0.03125,2,0.9,0.8359375,0.0999999999999999,0.0261652143219254,0.0058608753752884,5.654247831541893e-05,0.0173355195525651,0.0017994377447021,0.0078205578923458,0.001999067087703,0.020852321754768,0.0228715723028144,0.0359794425405726
