l,g,x,sk,embedding_ratio,attribute,rel_delta_mean,rel_delta_std,hellinger_distance,kl_divergence,emd,ks,p_value
128,2,2,4370315727,0.5,age,8.300429049147686e-06,0.00010094389483168988,0.0007090803633559439,2.004735635941819e-06,0.005589508921716214,0.00033782746230148764,1.0
128,2,2,4370315727,0.5,workclass,,,0.17670840421343492,1.0886099306753918,12.816260324087832,,
128,2,2,4370315727,0.5,fnlwgt,2.920105933301674e-10,1.829792680238929e-08,1.1869341390230646e-07,5.612543714082032e-14,0.02874604588310995,6.142317496393712e-05,1.0
128,2,2,4370315727,0.5,education,,,0.0254741924309862,0.0023760555552728565,19.82101286815515,,
128,2,2,4370315727,0.5,education-num,0.00013478974505974782,0.0031589607612984194,0.015823649420494815,0.0008890602941983221,0.015386505328460354,0.004729584472221354,0.857914909116385
128,2,2,4370315727,0.5,marital-status,,,0.04367682431021347,0.005920690089757605,8.33647615245232,,
128,2,2,4370315727,0.5,occupation,,,0.17217324112914256,1.0885631753429714,12.064247410948672,,
128,2,2,4370315727,0.5,relationship,,,0.013628984822564742,0.0007284325494574997,5.0239857498234075,,
128,2,2,4370315727,0.5,race,,,0.03838454151225219,0.005388682885606181,7.036516077516048,,
128,2,2,4370315727,0.5,sex,,,0.00446709673196547,7.970170455492108e-05,0.6768219649273671,,
128,2,2,4370315727,0.5,capital-gain,2.398598968352017e-07,5.15600936831124e-07,5.9169105574308206e-06,1.4003351569218104e-10,0.025705598722398748,0.015970025490617656,0.0004895539667370778
128,2,2,4370315727,0.5,capital-loss,5.802487717551287e-06,1.6173092263064883e-05,0.00012103542294397117,5.859501746886721e-08,0.026995485396640095,0.016860661527594356,0.00018880957809840775
128,2,2,4370315727,0.5,hours-per-week,0.00013099432211689658,6.417527641784349e-05,0.004054506967797907,6.560741734051918e-05,0.023586499186143018,0.008322840207610316,0.20826187227943338
128,2,2,4370315727,0.5,native-country,,,0.1073817477961027,0.3311887724465137,77.09660462264684,,
128,2,2,4370315727,0.5,income,,,0.0,0.0,1.0367617702159024,,
128,2,2,4370315728,0.5,age,2.7806437314721563e-05,0.0002607793035537806,0.0006683428232285247,1.786227871350168e-06,0.006295875433801321,0.0003992506372654421,1.0
128,2,2,4370315728,0.5,workclass,,,0.17640402495537247,1.088314905071719,12.820557003289023,,
128,2,2,4370315728,0.5,fnlwgt,5.005895800948652e-10,1.0628865726823688e-08,8.810777322043917e-08,3.098758683173799e-14,0.025920579834770315,6.142317496393712e-05,1.0
128,2,2,4370315728,0.5,education,,,0.022483543771580756,0.0018902152049766925,19.841712478117994,,
128,2,2,4370315728,0.5,education-num,8.360376592313972e-05,0.003266861311763166,0.015246756211266354,0.0007890577943100307,0.013728079604434722,0.004545314947329626,0.8880932119172531
128,2,2,4370315728,0.5,marital-status,,,0.040504139906227345,0.005238285385459259,8.342802739473603,,
128,2,2,4370315728,0.5,occupation,,,0.17213654686702268,1.088476390981406,12.065544183952959,,
128,2,2,4370315728,0.5,relationship,,,0.013460154174584269,0.0007114332088392914,5.024108596173336,,
128,2,2,4370315728,0.5,race,,,0.03796117002632992,0.005277270927220983,7.037621694665398,,
128,2,2,4370315728,0.5,sex,,,0.004352213590308096,7.565775826422812e-05,0.6768219649273671,,
128,2,2,4370315728,0.5,capital-gain,2.536802494035688e-07,7.076452296747365e-07,6.808548217871788e-06,1.8511862739393168e-10,0.027149043334049883,0.016492122477810844,0.00028181473227559717
128,2,2,4370315728,0.5,capital-loss,6.063352900479204e-06,1.1839955397146267e-05,0.0001268061225142104,6.431568202056854e-08,0.02751758238383284,0.01744418168975148,9.834694573127617e-05
128,2,2,4370315728,0.5,hours-per-week,0.00014352966394629414,0.0002085186849139758,0.003937011880972097,6.186005846679578e-05,0.022849421086575533,0.008107859095236591,0.23357070442494154
128,2,2,4370315728,0.5,native-country,,,0.10746244148984722,0.3313380604481831,77.10005180815216,,
128,2,2,4370315728,0.5,income,,,0.0,0.0,1.0367617702159024,,
128,2,2,4370315729,0.5,age,9.13047195404325e-06,6.885808633178997e-05,0.0005189364284414185,1.0769920953918453e-06,0.004238199072510255,0.00027640428733766154,1.0
128,2,2,4370315729,0.5,workclass,,,0.1759349504514888,1.0879548212456829,12.812785366962293,,
128,2,2,4370315729,0.5,fnlwgt,4.171579339974272e-11,1.5991572166628604e-08,1.095351390991254e-07,4.8106068256434785e-14,0.028008967783543372,9.213476244585017e-05,1.0
128,2,2,4370315729,0.5,education,,,0.022850980250656162,0.0019489650142411243,19.841773901292957,,
128,2,2,4370315729,0.5,education-num,0.0001177277520141789,0.00367256534410883,0.016343754000513,0.0009037645684671264,0.0155093516783882,0.004576026534811484,0.8832902527940116
128,2,2,4370315729,0.5,marital-status,,,0.04420852444557907,0.00607543720466108,8.332667915604558,,
128,2,2,4370315729,0.5,occupation,,,0.1727107421584292,1.0889792595043875,12.056247957497947,,
128,2,2,4370315729,0.5,relationship,,,0.014113252339563044,0.0007830596111170797,5.018089125026873,,
128,2,2,4370315729,0.5,race,,,0.0359835459724041,0.004773710572811549,7.040692853413593,,
128,2,2,4370315729,0.5,sex,,,0.004811668683127901,9.246128785927402e-05,0.6768219649273671,,
128,2,2,4370315729,0.5,capital-gain,2.438524431326795e-07,4.98720081692253e-07,6.155605316658158e-06,1.5156101354227937e-10,0.026350542059519033,0.015785755965725845,0.0005923899806314555
128,2,2,4370315729,0.5,capital-loss,6.0069496176855655e-06,1.5436732758603726e-05,0.00012603356711439413,6.353322117190181e-08,0.027271889683977868,0.01735204692730563,0.00010917597512896881
128,2,2,4370315729,0.5,hours-per-week,0.00014176965130557716,0.00015716790217015233,0.0036988788213515177,5.4620466941461315e-05,0.021221706950032226,0.007892877982862867,0.2611226894943617
128,2,2,4370315729,0.5,native-country,,,0.10665313991774986,0.3306310665041377,77.13520754246925,,
128,2,2,4370315729,0.5,income,,,0.0,0.0,1.0367617702159024,,
128,2,2,4370315730,0.5,age,6.640343239356556e-06,1.034944020772842e-05,0.0007587943860106468,2.2984871166368777e-06,0.005343816221860469,0.00042996222474744883,1.0
128,2,2,4370315730,0.5,workclass,,,0.1759370390348501,1.0879673039010813,12.813133029639554,,
128,2,2,4370315730,0.5,fnlwgt,5.423053734946079e-10,7.69569347399226e-09,9.875016736778006e-08,3.9039875471131115e-14,0.02499923221031388,6.142317496393712e-05,1.0
128,2,2,4370315730,0.5,education,,,0.024424946331149062,0.002199678442610935,19.828260802800898,,
128,2,2,4370315730,0.5,education-num,5.961661099436058e-05,0.0035254987793321172,0.015032057515427107,0.0007863925411248383,0.013666656429470743,0.004514603359847658,0.8928004506637244
128,2,2,4370315730,0.5,marital-status,,,0.043866801109906414,0.00598850170303369,8.334572034028438,,
128,2,2,4370315730,0.5,occupation,,,0.1720007988911172,1.0883264063353277,12.092977075383299,,
128,2,2,4370315730,0.5,relationship,,,0.01184904905035003,0.0005540460678656496,5.028838180645558,,
128,2,2,4370315730,0.5,race,,,0.03910333531096772,0.005600545775985568,7.034550535917201,,
128,2,2,4370315730,0.5,sex,,,0.004421145026916017,7.80715648829658e-05,0.6768219649273671,,
128,2,2,4370315730,0.5,capital-gain,2.549087251882826e-07,5.678259448427605e-07,6.252952346315311e-06,1.5639572677121112e-10,0.02733331285894247,0.016829949940112443,0.00019528359401400634
128,2,2,4370315730,0.5,capital-loss,5.548672944973392e-06,1.1195800312092929e-05,0.00011799197781746674,5.56860085403994e-08,0.025459906022542,0.01618500660299127,0.00039082123115805566
128,2,2,4370315730,0.5,hours-per-week,0.00014540996522072192,4.0431033034703804e-05,0.003927922422074199,6.157000227960174e-05,0.022910844261539547,0.008169282270200529,0.2261140154991258
128,2,2,4370315730,0.5,native-country,,,0.10686719906552064,0.3308729229090047,77.12944456170122,,
128,2,2,4370315730,0.5,income,,,0.0,0.0,1.0367617702159024,,
128,2,2,4370315731,0.5,age,0.0,0.0002282090243171819,0.0005662023238019337,1.2817060355356456e-06,0.005466662571788338,0.00039925063726544026,1.0
128,2,2,4370315731,0.5,workclass,,,0.17635634726802102,1.0882953582098458,12.823611775560373,,
128,2,2,4370315731,0.5,fnlwgt,2.2943690323055334e-10,1.348124180311768e-09,1.3699174296891797e-07,7.331953263538836e-14,0.025398482847578955,6.142317496393712e-05,1.0
128,2,2,4370315731,0.5,education,,,0.023123844622809517,0.001995991218431723,19.8386413193698,,
128,2,2,4370315731,0.5,education-num,5.4598377745721884e-05,0.004770057132056364,0.016680912600003338,0.0009440531928802902,0.01529437056601448,0.004852430822149201,0.8361217731374575
128,2,2,4370315731,0.5,marital-status,,,0.04454664913921186,0.006148453290451802,8.33285218512945,,
128,2,2,4370315731,0.5,occupation,,,0.17178002079776689,1.0881317415308307,12.11459100281365,,
128,2,2,4370315731,0.5,relationship,,,0.011815019190919467,0.000549996733629007,5.029390989220232,,
128,2,2,4370315731,0.5,race,,,0.038641074746487765,0.0054713902159106605,7.035041921316913,,
128,2,2,4370315731,0.5,sex,,,0.004811668683127901,9.246128785927402e-05,0.6768219649273671,,
128,2,2,4370315731,0.5,capital-gain,2.536802494035688e-07,7.191965475105619e-07,6.523397678179882e-06,1.7020567274392427e-10,0.027763275083688588,0.017444181689751592,9.834694573126446e-05
128,2,2,4370315731,0.5,capital-loss,5.8518405899981675e-06,1.709612127535185e-05,0.00012482444401188625,6.232160891361703e-08,0.02714904333404966,0.017044931052486056,0.00015403280253847577
128,2,2,4370315731,0.5,hours-per-week,0.0001231597334735684,3.489057907577915e-05,0.0037141719770068015,5.5068046264693196e-05,0.02183593869967121,0.008046435920272654,0.24121063141315513
128,2,2,4370315731,0.5,native-country,,,0.1084053137990294,0.3319195326518711,77.05652639491481,,
128,2,2,4370315731,0.5,income,,,0.0,0.0,1.0367617702159024,,
128,2,2,4370315732,0.5,age,3.15305631481048e-05,0.00026700316682418465,0.0006499118895851654,1.688952017369713e-06,0.006664414483584434,0.00042996222474744883,1.0
128,2,2,4370315732,0.5,workclass,,,0.17627774207414415,1.0882516691173454,12.814559610850951,,
128,2,2,4370315732,0.5,fnlwgt,1.8772109006482642e-10,1.0388279152875252e-08,1.9871743665642823e-07,1.4594273747586313e-13,0.026872639046712204,6.142317496393712e-05,1.0
128,2,2,4370315732,0.5,education,,,0.024214264826085043,0.002177812244155612,19.827769417401186,,
128,2,2,4370315732,0.5,education-num,1.3649594436455143e-05,0.003679419541828746,0.014882783040887419,0.0008303858995673585,0.014987254691194909,0.00491385399711311,0.8247821572340152
128,2,2,4370315732,0.5,marital-status,,,0.045255211036226095,0.006329162395448671,8.332422222904702,,
128,2,2,4370315732,0.5,occupation,,,0.17151250592412856,1.0879530204766552,12.08688370795762,,
128,2,2,4370315732,0.5,relationship,,,0.012432938729153952,0.0006088989418361222,5.027548293971316,,
128,2,2,4370315732,0.5,race,,,0.03864228917261353,0.005435723631168229,7.036393231166119,,
128,2,2,4370315732,0.5,sex,,,0.004214336740109163,7.094323202254654e-05,0.6768219649273671,,
128,2,2,4370315732,0.5,capital-gain,2.260395442645609e-07,4.884852880396771e-07,5.723418791277759e-06,1.310225907869883e-10,0.024692116335494063,0.015232947391050633,0.001035775188522901
128,2,2,4370315732,0.5,capital-loss,5.485219251829733e-06,1.0978571173815624e-05,0.00011402641767222358,5.200523420503545e-08,0.02512207856024018,0.01547864009090627,0.0008099998109746347
128,2,2,4370315732,0.5,hours-per-week,0.00014948395131526707,5.910359909008611e-06,0.004171901190835605,6.947477517144748e-05,0.02552132919750651,0.00915205306962319,0.12996755611708521
128,2,2,4370315732,0.5,native-country,,,0.10790939063480703,0.33154416047954943,77.09480073722179,,
128,2,2,4370315732,0.5,income,,,0.0,0.0,1.0367617702159024,,
128,2,2,4370315733,0.5,age,0.0,0.0001694803471389402,0.0006586725688904659,1.735347385021343e-06,0.005466662571788213,0.00036853904978348395,1.0
128,2,2,4370315733,0.5,workclass,,,0.17662903032471558,1.0885714982962382,12.808030799910586,,
128,2,2,4370315733,0.5,fnlwgt,1.7312056237491649e-09,3.275288614828447e-08,1.7901727705545066e-07,1.1993362816943051e-13,0.02834679524584476,6.142317496393712e-05,1.0
128,2,2,4370315733,0.5,education,,,0.021607983078536352,0.0017599435677638896,19.850803108012656,,
128,2,2,4370315733,0.5,education-num,1.1943395131848908e-05,0.0031774994410827028,0.015067439684893985,0.0007769318813962314,0.01329811737968733,0.004637449709775476,0.873405552978822
128,2,2,4370315733,0.5,marital-status,,,0.045675026664351505,0.006429568936033011,8.330518104480822,,
128,2,2,4370315733,0.5,occupation,,,0.17223364406044125,1.0885215443539944,12.07794408955499,,
128,2,2,4370315733,0.5,relationship,,,0.011694912298899907,0.0005392058971040829,5.031663646693897,,
128,2,2,4370315733,0.5,race,,,0.0374665736230421,0.005169657128996906,7.037437425140506,,
128,2,2,4370315733,0.5,sex,,,0.005431606458817535,0.00011779815228489011,0.6768219649273671,,
128,2,2,4370315733,0.5,capital-gain,2.5030194099958486e-07,4.5321569572400573e-07,6.348818965596388e-06,1.6122724087357178e-10,0.02711833174656786,0.016123583428027444,0.0004169277786489748
128,2,2,4370315733,0.5,capital-loss,6.1409074143229025e-06,1.564589267290733e-05,0.00013252487926437213,7.024746675888236e-08,0.028223948895917728,0.017751297564571056,6.915214325194419e-05
128,2,2,4370315733,0.5,hours-per-week,0.00012439744020470602,0.00030940326162475136,0.004156031458150571,6.891974595562094e-05,0.02177451552470742,0.00853782131998404,0.18511332834986416
128,2,2,4370315733,0.5,native-country,,,0.10640791171068051,0.3305998919349141,77.13877899938862,,
128,2,2,4370315733,0.5,income,,,0.0,0.0,1.0367617702159024,,
128,2,2,4370315734,0.5,age,1.9090986813078086e-05,0.0001131708217864799,0.0005273147033004534,1.1124897627501452e-06,0.004483891772365729,0.00033782746230152753,1.0
128,2,2,4370315734,0.5,workclass,,,0.17543267503353813,1.0874963996437024,12.831995304382751,,
128,2,2,4370315734,0.5,fnlwgt,5.423053734946079e-10,8.985384035897508e-09,1.4163202410495563e-07,7.827714935072175e-14,0.028131814133470413,0.00012284634992787424,1.0
128,2,2,4370315734,0.5,education,,,0.022934861069544323,0.0019700414090906672,19.83157765424895,,
128,2,2,4370315734,0.5,education-num,0.00010839383817164069,0.0040222796123222165,0.015340025750738458,0.000843969462093551,0.015171524216086599,0.004821719234667232,0.8416846603139916
128,2,2,4370315734,0.5,marital-status,,,0.04566986590738847,0.0064133466628054445,8.33143945210528,,
128,2,2,4370315734,0.5,occupation,,,0.17218654677268577,1.088485112779656,12.093640845572317,,
128,2,2,4370315734,0.5,relationship,,,0.012209289713153737,0.0005864504059185319,5.029145296520377,,
128,2,2,4370315734,0.5,race,,,0.03739829489716374,0.0051504828845102685,7.037437425140505,,
128,2,2,4370315734,0.5,sex,,,0.004076441231258556,6.637955509936153e-05,0.6768219649273671,,
128,2,2,4370315734,0.5,capital-gain,2.635080556767319e-07,4.294629900866784e-07,6.305996692163386e-06,1.5905691996382036e-10,0.027763275083689032,0.01679923835263042,0.00020196718487808428
128,2,2,4370315734,0.5,capital-loss,5.978747976285484e-06,1.3093652363805825e-05,0.00012682658094492356,6.43363827676213e-08,0.02745615920886868,0.017014219465004143,0.0001593731158169493
128,2,2,4370315734,0.5,hours-per-week,0.00013122223742287976,0.00017374546218828832,0.004168148085168838,6.933624618829353e-05,0.02459998157304731,0.008292128620128403,0.21174304328427307
128,2,2,4370315734,0.5,native-country,,,0.10707254213867157,0.33105281995340535,77.11472037709697,,
128,2,2,4370315734,0.5,income,,,0.0,0.0,1.0367617702159024,,
128,2,2,4370315735,0.5,age,2.70261969841575e-05,8.141283867995667e-06,0.0006631383743461372,1.7589973381099412e-06,0.0056509320966803625,0.0003685390497835117,1.0
128,2,2,4370315735,0.5,workclass,,,0.1766021584655455,1.088492045146061,12.817617964848955,,
128,2,2,4370315735,0.5,fnlwgt,1.4391950106530132e-09,3.3950384936274376e-09,3.6721600232235854e-07,4.056943231021861e-13,0.026934062221676394,6.142317496393712e-05,1.0
128,2,2,4370315735,0.5,education,,,0.023600636913545775,0.0020517219539182875,19.846012100365467,,
128,2,2,4370315735,0.5,education-num,0.00014332074158248295,0.0032099026286045804,0.015564837259752409,0.000868349689750507,0.016031448665581496,0.00506741193452287,0.795308243794218
128,2,2,4370315735,0.5,marital-status,,,0.04047889957071402,0.005173109273336751,8.345321089647124,,
128,2,2,4370315735,0.5,occupation,,,0.1720667764595258,1.0884098727227347,12.08232877001835,,
128,2,2,4370315735,0.5,relationship,,,0.012775166880021789,0.0006427470647130847,5.025705598722397,,
128,2,2,4370315735,0.5,race,,,0.03729997365473501,0.005113853037235389,7.037928810540216,,
128,2,2,4370315735,0.5,sex,,,0.005500465364717086,0.00012080117771033193,0.6768219649273671,,
128,2,2,4370315735,0.5,capital-gain,2.549087251882826e-07,5.334265268392985e-07,6.362235821226204e-06,1.6190915205411285e-10,0.027149043334049883,0.016952796290040206,0.0001705841599394926
128,2,2,4370315735,0.5,capital-loss,5.400614327636014e-06,1.5402824187879033e-05,0.00011414361395061579,5.211251052065845e-08,0.02493780903534859,0.015447928503424246,0.00083546042244239
128,2,2,4370315735,0.5,hours-per-week,0.00014673314019156085,0.00026241295299332906,0.003883199024740122,6.018516912219127e-05,0.022143054574490943,0.007954301157826804,0.2530176972856083
128,2,2,4370315735,0.5,native-country,,,0.10622725501907607,0.330487564290721,77.1560017525349,,
128,2,2,4370315735,0.5,income,,,0.0,0.0,1.0367617702159024,,
128,2,2,4370315736,0.5,age,8.300429048955646e-07,0.0001970582525559798,0.0005344790493840183,1.1424866270208346e-06,0.005589508921716044,0.0003378274623015154,1.0
128,2,2,4370315736,0.5,workclass,,,0.17709626727655578,1.0889877596635646,12.794227612365015,,
128,2,2,4370315736,0.5,fnlwgt,9.177475536242608e-10,2.0987234253078103e-09,8.18053869733716e-08,2.6762889562925022e-14,0.02450784681060289,6.142317496393712e-05,1.0
128,2,2,4370315736,0.5,education,,,0.02342612835498957,0.002039843946922037,19.833604619022758,,
128,2,2,4370315736,0.5,education-num,0.00014994480947079747,0.004135007781113388,0.01636926931888642,0.0009244868208281217,0.015632198028316033,0.004545314947329626,0.8880932119172531
128,2,2,4370315736,0.5,marital-status,,,0.046636491618080735,0.00670219021350607,8.324375786984428,,
128,2,2,4370315736,0.5,occupation,,,0.17146189159399705,1.0878279153910246,12.115412352306853,,
128,2,2,4370315736,0.5,relationship,,,0.013197144662984278,0.0006842903854649574,5.024354288873194,,
128,2,2,4370315736,0.5,race,,,0.03608819696747236,0.0047898101334227575,7.040692853413592,,
128,2,2,4370315736,0.5,sex,,,0.004558993940138691,8.301221523441399e-05,0.6768219649273671,,
128,2,2,4370315736,0.5,capital-gain,2.718002672195711e-07,4.09216240638867e-07,6.4723308870344715e-06,1.6756209181246004e-10,0.028838180645557543,0.017659162802125317,7.690815864206204e-05
128,2,2,4370315736,0.5,capital-loss,6.169109055719722e-06,1.9038039258858747e-05,0.00013028571225802906,6.789377967171332e-08,0.02877675747059305,0.01768987438960712,7.423525015240492e-05
128,2,2,4370315736,0.5,hours-per-week,0.00015136425258962234,0.00010425841509641017,0.004106158145355339,6.729589046611764e-05,0.024108596173336216,0.008691379257393828,0.16984768907644732
128,2,2,4370315736,0.5,native-country,,,0.10670066170615822,0.3308332202148489,77.14655978618012,,
128,2,2,4370315736,0.5,income,,,0.0,0.0,1.0367617702159024,,
128,4,2,4370315727,0.25,age,5.8103003344609916e-06,6.752853290783422e-05,0.000589156388570721,1.3819821991722805e-06,0.0031940050981242294,0.0002456926998556652,1.0
128,4,2,4370315727,0.25,workclass,,,0.17170054065904172,1.0840321062102818,12.92876574348051,,
128,4,2,4370315727,0.25,fnlwgt,2.711526768643119e-10,1.3322457027328292e-08,6.920309906541621e-08,1.9003365877506494e-14,0.012929578329903758,6.142317496393712e-05,1.0
128,4,2,4370315727,0.25,education,,,0.012716602213569511,0.0006133381800690553,19.99422622155339,,
128,4,2,4370315727,0.25,education-num,8.852163450685383e-05,0.0021622745170592613,0.00886451506730864,0.00026340984906278106,0.007954301157826742,0.002180522711218935,0.9999987563214633
128,4,2,4370315727,0.25,marital-status,,,0.02720792965643953,0.0023854113591629126,8.394213936918401,,
128,4,2,4370315727,0.25,occupation,,,0.17049770809292403,1.0868793112814896,12.192626777793539,,
128,4,2,4370315727,0.25,relationship,,,0.007212293779525497,0.00020582811861500402,5.056417186204355,,
128,4,2,4370315727,0.25,race,,,0.01958015303514333,0.0014558697732189835,7.075274100918276,,
128,4,2,4370315727,0.25,sex,,,0.0017754107265760385,1.2600812864996432e-05,0.6768219649273671,,
128,4,2,4370315727,0.25,capital-gain,1.1701231842975818e-07,2.4850095216412306e-07,2.8621317697744744e-06,3.276669063197883e-11,0.012561039280120867,0.007831454807899041,0.2694160979508391
128,4,2,4370315727,0.25,capital-loss,2.9611723467475544e-06,8.113844405247215e-06,6.28930064792726e-05,1.5821640490817035e-08,0.013574521667024886,0.008783514019839678,0.16117745177449128
128,4,2,4370315727,0.25,hours-per-week,5.7662572415083863e-05,2.621201377274472e-06,0.0018113252724880657,1.3110997756043193e-05,0.010503362918829404,0.003562544147907021,0.9854821264208394
128,4,2,4370315727,0.25,native-country,,,0.09933070830189691,0.32551647865490324,77.56986379221777,,
128,4,2,4370315727,0.25,income,,,0.0,0.0,1.0367617702159024,,
128,4,2,4370315728,0.25,age,1.826094390818252e-05,0.000129119467167576,0.0004222853552138813,7.130363088849363e-07,0.003808236847762784,0.0002764042873375505,1.0
128,4,2,4370315728,0.25,workclass,,,0.17205595327770845,1.0843475048856774,12.921993205015506,,
128,4,2,4370315728,0.25,fnlwgt,8.343158679948544e-11,1.1802321262490572e-09,5.827505835205227e-08,1.3587497850293222e-14,0.013635944841988185,6.142317496393712e-05,1.0
128,4,2,4370315728,0.25,education,,,0.012176137378721344,0.0005699577002830076,19.991585025029945,,
128,4,2,4370315728,0.25,education-num,3.6131279390616555e-06,0.0015824125540958049,0.008324089232126002,0.00023649780688790416,0.006756549246030493,0.002641196523448297,0.9998458183768969
128,4,2,4370315728,0.25,marital-status,,,0.023079725178635976,0.0017844598354285182,8.39894352139062,,
128,4,2,4370315728,0.25,occupation,,,0.17042540857986993,1.0868069837022623,12.18292870719343,,
128,4,2,4370315728,0.25,relationship,,,0.0062420677124556696,0.00015448218762597688,5.060163999877153,,
128,4,2,4370315728,0.25,race,,,0.019261484343304158,0.0014201844106842094,7.074905561868493,,
128,4,2,4370315728,0.25,sex,,,0.0016832597466466905,1.1327041538610437e-05,0.6768219649273671,,
128,4,2,4370315728,0.25,capital-gain,1.274543625941413e-07,3.142975854006967e-07,3.998391257614734e-06,6.364858710740441e-11,0.013543810079543306,0.008107859095236702,0.2335707044249279
128,4,2,4370315728,0.25,capital-loss,2.8695170122038144e-06,7.6247807974805116e-06,6.206959756416706e-05,1.5410300549086203e-08,0.01317527102975935,0.008445686557538079,0.19477558337910017
128,4,2,4370315728,0.25,hours-per-week,7.395851679326446e-05,0.00012183455134045849,0.0021371781661971363,1.824516485052973e-05,0.011793249593071372,0.004238199072509996,0.9305627955129332
128,4,2,4370315728,0.25,native-country,,,0.0989443193873712,0.32529752247344684,77.59569434744188,,
128,4,2,4370315728,0.25,income,,,0.0,0.0,1.0367617702159024,,
128,4,2,4370315729,0.25,age,1.826094390818252e-05,1.9044484361338475e-05,0.0003878747855622951,6.017394802896994e-07,0.003562544147907459,0.00024569269985563746,1.0
128,4,2,4370315729,0.25,workclass,,,0.1721692979316245,1.0844823829782706,12.904137127374177,,
128,4,2,4370315729,0.25,fnlwgt,6.04879063594222e-10,7.554758522211941e-09,6.318561238874237e-08,1.606196909456929e-14,0.015202235803567964,6.14231749638261e-05,1.0
128,4,2,4370315729,0.25,education,,,0.012328340246279336,0.0005829568589572065,19.988636712631674,,
128,4,2,4370315729,0.25,education-num,5.630457705022943e-05,0.0017623895098618783,0.00826069095042991,0.0002321556118692733,0.007647185283007164,0.0022726574736647853,0.999995838426374
128,4,2,4370315729,0.25,marital-status,,,0.02672520281273002,0.0023182565463002788,8.392739780719266,,
128,4,2,4370315729,0.25,occupation,,,0.1705747635845462,1.0869390049070375,12.191526622519337,,
128,4,2,4370315729,0.25,relationship,,,0.0072108509274829945,0.0002061210914040528,5.054635914130402,,
128,4,2,4370315729,0.25,race,,,0.018589076171563378,0.001320963984109399,7.076379718067627,,
128,4,2,4370315729,0.25,sex,,,0.0029265827211494926,3.4226064696805687e-05,0.6768219649273671,,
128,4,2,4370315729,0.25,capital-gain,1.277614815397513e-07,1.697752077056791e-07,3.2583795966372586e-06,4.2466190198086125e-11,0.013205982617241485,0.00826141703264649,0.21526858944077565
128,4,2,4370315729,0.25,capital-loss,2.947071526047514e-06,9.902502341451535e-06,6.503849312108682e-05,1.6918601701638375e-08,0.013574521667024997,0.008599244494947866,0.17888288646708317
128,4,2,4370315729,0.25,hours-per-week,7.113806488169532e-05,5.7690919749606105e-05,0.0019523122621927032,1.5229755006126472e-05,0.011332575780842203,0.004023217960136383,0.9538065440253597
128,4,2,4370315729,0.25,native-country,,,0.09914021722389932,0.325385985722289,77.59431476743814,,
128,4,2,4370315729,0.25,income,,,0.0,0.0,1.0367617702159024,,
128,4,2,4370315730,0.25,age,4.565235977069635e-06,6.7512895013449745e-06,0.0005664545418328158,1.2838988264873903e-06,0.004084641135100325,0.00033782746230148764,1.0
128,4,2,4370315730,0.25,workclass,,,0.17180879668216306,1.084140058571056,12.914571533657405,,
128,4,2,4370315730,0.25,fnlwgt,6.257370986559828e-11,5.55406532939153e-10,5.6057594279951676e-08,1.2830897427617963e-14,0.011578268480696954,6.142317496393712e-05,1.0
128,4,2,4370315730,0.25,education,,,0.012941290702325756,0.0006335684542708424,19.99305918122908,,
128,4,2,4370315730,0.25,education-num,3.071158748197183e-05,0.0016022026984096895,0.00843441353346183,0.00024173279561826372,0.006602991308620595,0.002303369061146754,0.9999939740455374
128,4,2,4370315730,0.25,marital-status,,,0.025834105257369212,0.0021783434442964123,8.396179478517244,,
128,4,2,4370315730,0.25,occupation,,,0.17056928869034357,1.0869514794527868,12.181017192778697,,
128,4,2,4370315730,0.25,relationship,,,0.006035677375145178,0.00014469633064890467,5.060716808451829,,
128,4,2,4370315730,0.25,race,,,0.02085391870579346,0.0016519813846463884,7.072264365345045,,
128,4,2,4370315730,0.25,sex,,,0.00221301182673726,1.957515463727388e-05,0.6768219649273671,,
128,4,2,4370315730,0.25,capital-gain,1.2653300575731125e-07,3.112368988289398e-07,3.084390348942035e-06,3.805319392255564e-11,0.013267405792206088,0.008077147507754678,0.23736765587079278
128,4,2,4370315730,0.25,capital-loss,2.8977186536006336e-06,8.278904606354824e-06,6.199664415741385e-05,1.5373962946717707e-08,0.013420963729614654,0.008660667669911803,0.17281844371104682
128,4,2,4370315730,0.25,hours-per-week,7.803250288780962e-05,5.1247947536018525e-05,0.002036520740944469,1.656851729210989e-05,0.011823961180553086,0.004238199072509996,0.9305627955129332
128,4,2,4370315730,0.25,native-country,,,0.09889175921815878,0.32525024252397206,77.60451116526043,,
128,4,2,4370315730,0.25,income,,,0.0,0.0,1.0367617702159024,,
128,4,2,4370315731,0.25,age,1.1620600668825963e-05,0.000166296470765775,0.0003580507235926563,5.124569763509279e-07,0.003378274623015578,0.00018426952489175585,1.0
128,4,2,4370315731,0.25,workclass,,,0.17203781874458834,1.0843368381165563,12.927766063163283,,
128,4,2,4370315731,0.25,fnlwgt,6.883106701596916e-10,4.835651694254609e-09,6.322227356136488e-08,1.5990201799133173e-14,0.012868155154940206,6.142317496393712e-05,1.0
128,4,2,4370315731,0.25,education,,,0.012651548149205076,0.0006103565703239966,19.989373790731243,,
128,4,2,4370315731,0.25,education-num,1.1943395131848908e-05,0.002242594166912858,0.009702791807114157,0.0002864572575895143,0.0071557998832958635,0.002180522711218935,0.9999987563214633
128,4,2,4370315731,0.25,marital-status,,,0.025844425596843825,0.002198083018821691,8.393599705168759,,
128,4,2,4370315731,0.25,occupation,,,0.1701266296667967,1.086518166516998,12.220132759890744,,
128,4,2,4370315731,0.25,relationship,,,0.005706728780805367,0.00012913165630846178,5.0637265440250605,,
128,4,2,4370315731,0.25,race,,,0.020980590157013784,0.001668419912079983,7.0722643653450445,,
128,4,2,4370315731,0.25,sex,,,0.0024892929547744706,2.4765666823325233e-05,0.6768219649273671,,
128,4,2,4370315731,0.25,capital-gain,1.2161910262072972e-07,4.2106913967926616e-07,3.2146610209047806e-06,4.13345822846642e-11,0.013574521667025219,0.00835355179509234,0.204824813067074
128,4,2,4370315731,0.25,capital-loss,2.954121936397534e-06,8.099314675392571e-06,6.517420488197729e-05,1.6990383630783588e-08,0.013728079604434562,0.008660667669911803,0.17281844371104682
128,4,2,4370315731,0.25,hours-per-week,5.860272305229774e-05,3.488063177140808e-05,0.00197865889770945,1.564113404365023e-05,0.011148306255950416,0.004053929547618296,0.9508248135953308
128,4,2,4370315731,0.25,native-country,,,0.0998483215744377,0.32590669301851105,77.52724826871037,,
128,4,2,4370315731,0.25,income,,,0.0,0.0,1.0367617702159024,,
128,4,2,4370315732,0.25,age,1.5151049824453367e-05,0.00013235715013726023,0.00047363040189228004,8.972150669112968e-07,0.003961794785172348,0.00033782746230148764,1.0
128,4,2,4370315732,0.25,workclass,,,0.17233538791367753,1.0846055876052245,12.917372289210066,,
128,4,2,4370315732,0.25,fnlwgt,3.128684702640546e-10,4.485447885948372e-09,1.9019889570895272e-07,1.3282584746604854e-13,0.014280888179110617,3.071158748202407e-05,1.0
128,4,2,4370315732,0.25,education,,,0.012813238839007934,0.0006317893634095587,19.983784281809527,,
128,4,2,4370315732,0.25,education-num,7.166037079129082e-05,0.002047345824840086,0.008731575132680938,0.0002698188873572411,0.008292128620128176,0.0024262154110745726,0.9999769834687259
128,4,2,4370315732,0.25,marital-status,,,0.025492845649655517,0.0021286482345776324,8.3964251712171,,
128,4,2,4370315732,0.25,occupation,,,0.17039086914011853,1.086788624314602,12.191344535707334,,
128,4,2,4370315732,0.25,relationship,,,0.005953469806046345,0.0001407677202434881,5.060716808451828,,
128,4,2,4370315732,0.25,race,,,0.021249780021516954,0.0016990548723060986,7.072878597094683,,
128,4,2,4370315732,0.25,sex,,,0.002305113994712253,2.123778847491287e-05,0.6768219649273671,,
128,4,2,4370315732,0.25,capital-gain,1.1578384264731811e-07,2.1476227775073713e-07,3.07535107599944e-06,3.782499250374572e-11,0.012806731979976727,0.007923589570344891,0.2570467178473108
128,4,2,4370315732,0.25,capital-loss,2.6368534706727175e-06,5.251377943362939e-06,5.496038117028082e-05,1.2082259795720414e-08,0.012223211817818602,0.0076164736955253165,0.2999411586620273
128,4,2,4370315732,0.25,hours-per-week,7.270498261036096e-05,1.3433021134183694e-05,0.0022032784889672104,1.9396183317885752e-05,0.012898866742421753,0.004698872884739358,0.8631638602278742
128,4,2,4370315732,0.25,native-country,,,0.09958184271208463,0.3257269785910177,77.54824361679825,,
128,4,2,4370315732,0.25,income,,,0.0,0.0,1.0367617702159024,,
128,4,2,4370315733,0.25,age,4.15021452495792e-07,6.273289530539595e-05,0.00046303414368072153,8.576074624107879e-07,0.0035932557353888003,0.00024569269985563746,1.0
128,4,2,4370315733,0.25,workclass,,,0.17218281089586548,1.0844867341133897,12.910326858935292,,
128,4,2,4370315733,0.25,fnlwgt,4.3801588999525115e-10,8.012598837122107e-09,1.669036354304227e-07,1.0397285579892663e-13,0.01434231135407244,6.142317496393712e-05,1.0
128,4,2,4370315733,0.25,education,,,0.012174496273643,0.0005715575139214569,19.98605693928319,,
128,4,2,4370315733,0.25,education-num,0.0,0.001735521415270743,0.00857568823242845,0.00022766441499881383,0.006449433371210958,0.0020883879487730572,0.9999996852866005
128,4,2,4370315733,0.25,marital-status,,,0.027095155445438307,0.002361552917645765,8.395626669942569,,
128,4,2,4370315733,0.25,occupation,,,0.1704200164574655,1.0867902935340714,12.194836850207311,,
128,4,2,4370315733,0.25,relationship,,,0.005696191804068408,0.0001288003771786738,5.063358004975277,,
128,4,2,4370315733,0.25,race,,,0.021399242851563437,0.001736211123359188,7.070974478670802,,
128,4,2,4370315733,0.25,sex,,,0.002535332414113518,2.568982908257838e-05,0.6768219649273671,,
128,4,2,4370315733,0.25,capital-gain,1.1885503210569204e-07,1.5044439349584707e-07,3.0850090210735234e-06,3.8067851289448214e-11,0.012622462455084249,0.007462915758115529,0.32318179240148803
128,4,2,4370315733,0.25,capital-loss,3.1867854779253685e-06,6.4317837649911894e-06,7.449571358974769e-05,2.219721723639408e-08,0.014557292466446992,0.008967783544731378,0.14489651888880473
128,4,2,4370315733,0.25,hours-per-week,6.700709996063625e-05,0.00011838860499033867,0.0021536046103906798,1.8529619973884434e-05,0.01136328736832402,0.0044838917723657445,0.8974099787425599
128,4,2,4370315733,0.25,native-country,,,0.09849797078044946,0.32506434106071924,77.61122994075237,,
128,4,2,4370315733,0.25,income,,,0.0,0.0,1.0367617702159024,,
128,4,2,4370315734,0.25,age,2.4901287147539075e-05,6.94599900639461e-05,0.00038087245646825846,5.803264602967648e-07,0.003746813672798806,0.00024569269985563746,1.0
128,4,2,4370315734,0.25,workclass,,,0.17151009498942607,1.0838608877863374,12.924163945016224,,
128,4,2,4370315734,0.25,fnlwgt,3.3372638672991013e-10,6.1681732806254705e-09,1.2412224570868107e-07,5.967292627998714e-14,0.014434446116518632,3.071158748202407e-05,1.0
128,4,2,4370315734,0.25,education,,,0.01211859778391058,0.0005639129265990789,19.988391019931818,,
128,4,2,4370315734,0.25,education-num,6.503630290300531e-05,0.0025565075233349114,0.009407312568325582,0.0002836407598544158,0.008353551795092253,0.0023340806486287224,0.9999914026164213
128,4,2,4370315734,0.25,marital-status,,,0.025835700638239038,0.0021882743474098635,8.395380977242715,,
128,4,2,4370315734,0.25,occupation,,,0.1704570270444436,1.0868178588289314,12.21262380630576,,
128,4,2,4370315734,0.25,relationship,,,0.0062973278297573905,0.00015711081429556394,5.062068118301035,,
128,4,2,4370315734,0.25,race,,,0.020827038580984353,0.0016433316674837046,7.072940020269647,,
128,4,2,4370315734,0.25,sex,,,0.002466272433450727,2.4309913254768386e-05,0.6768219649273671,,
128,4,2,4370315734,0.25,capital-gain,1.2499741102698742e-07,1.7906486847903146e-07,2.9856180709035647e-06,3.565508568560181e-11,0.013175271029759905,0.008046435920272765,0.24121063141314136
128,4,2,4370315734,0.25,capital-loss,2.8977186536006336e-06,7.1126193009233926e-06,6.187252610791427e-05,1.5312419174788583e-08,0.013543810079542307,0.008261417032646379,0.21526858944078853
128,4,2,4370315734,0.25,hours-per-week,5.891610659805987e-05,9.390487577539291e-05,0.001992514252196167,1.586245029220374e-05,0.01154755689321579,0.004115352722582233,0.9445217162454744
128,4,2,4370315734,0.25,native-country,,,0.09908977536273089,0.32541797983575665,77.58041259403151,,
128,4,2,4370315734,0.25,income,,,0.0,0.0,1.0367617702159024,,
128,4,2,4370315735,0.25,age,1.9090986813078086e-05,8.15985888930782e-05,0.0004765706349818204,9.083263717401701e-07,0.0035625441479070715,0.00024569269985563746,1.0
128,4,2,4370315735,0.25,workclass,,,0.17137530790645933,1.0837277191552415,12.928071461645967,,
128,4,2,4370315735,0.25,fnlwgt,7.926001536590484e-10,2.3897877091623847e-09,2.713296195255934e-07,2.2334817284451433e-13,0.013390252142133541,3.071158748202407e-05,1.0
128,4,2,4370315735,0.25,education,,,0.01197727222836543,0.0005524611517149845,19.994103375203466,,
128,4,2,4370315735,0.25,education-num,4.947977983210055e-05,0.0013205016439493565,0.009502040718668186,0.0002994667252181461,0.008322840207610375,0.00267190811093021,0.9998051768615015
128,4,2,4370315735,0.25,marital-status,,,0.025197777970212533,0.002063750690165125,8.40035625441479,,
128,4,2,4370315735,0.25,occupation,,,0.17036200359730208,1.0867520010831915,12.199256131865813,,
128,4,2,4370315735,0.25,relationship,,,0.00677161513500468,0.00018172647558786694,5.05758422652867,,
128,4,2,4370315735,0.25,race,,,0.020191006820976097,0.0015533751670104526,7.07343140566936,,
128,4,2,4370315735,0.25,sex,,,0.002719469159418866,2.9555157040650135e-05,0.6768219649273671,,
128,4,2,4370315735,0.25,capital-gain,1.2161910262072972e-07,2.573074048727886e-07,3.0835089459326857e-06,3.802994563312382e-11,0.012898866742422022,0.008138570682718616,0.22981956455014907
128,4,2,4370315735,0.25,capital-loss,2.509946084385401e-06,6.021834438507776e-06,5.259322154604652e-05,1.1063942309625936e-08,0.01124044101839583,0.007217223058259781,0.3628541512955016
128,4,2,4370315735,0.25,hours-per-week,7.569320551107182e-05,0.00018655826501245233,0.0021769397054850455,1.8929797347448925e-05,0.01173182641810706,0.004330333834955957,0.9189290377145118
128,4,2,4370315735,0.25,native-country,,,0.0986983425288505,0.3251706523974546,77.60961028144158,,
128,4,2,4370315735,0.25,income,,,0.0,0.0,1.0367617702159024,,
128,4,2,4370315736,0.25,age,6.225321786860764e-06,0.00013677451993449424,0.00034421940055666774,4.737931039268517e-07,0.0036546789103531195,0.00024569269985563746,1.0
128,4,2,4370315736,0.25,workclass,,,0.1724649526515879,1.0847199819212408,12.901816951226953,,
128,4,2,4370315736,0.25,fnlwgt,8.551738635246468e-10,1.7741405105965015e-09,5.745414405738912e-08,1.3106596657459645e-14,0.012622462455084386,6.142317496390937e-05,1.0
128,4,2,4370315736,0.25,education,,,0.013791759283868754,0.0007152297805125643,19.983784281809527,,
128,4,2,4370315736,0.25,education-num,8.490850656779217e-05,0.0022966976769240965,0.0099941825615936,0.00030343656970191246,0.007462915758115433,0.0022419458861828445,0.999997170521912
128,4,2,4370315736,0.25,marital-status,,,0.025912420110640332,0.002187738221944415,8.395258130892785,,
128,4,2,4370315736,0.25,occupation,,,0.17027662324407092,1.0866528398149258,12.212265496043974,,
128,4,2,4370315736,0.25,relationship,,,0.006976620292310149,0.00019277473128088193,5.0561714935045,,
128,4,2,4370315736,0.25,race,,,0.018710343280592633,0.0013349136830444713,7.076441141242591,,
128,4,2,4370315736,0.25,sex,,,0.0022820892462906616,2.081579670534404e-05,0.6768219649273671,,
128,4,2,4370315736,0.25,capital-gain,1.3574657413698055e-07,2.301834343447187e-07,3.1891128121821227e-06,4.0681417535323575e-11,0.014495869291483943,0.008783514019839678,0.16117745177449128
128,4,2,4370315736,0.25,capital-loss,3.0175756295411924e-06,1.001375381657527e-05,6.389611922877068e-05,1.6330426483676146e-08,0.014065907066735717,0.008752802432357654,0.16402751706576435
128,4,2,4370315736,0.25,hours-per-week,7.42719003390266e-05,2.295629128699361e-05,0.001998469663859607,1.5959052336354157e-05,0.01188538435551766,0.004422468597401807,0.9063284041429343
128,4,2,4370315736,0.25,native-country,,,0.09935417974869255,0.32563024625529524,77.55948276569845,,
128,4,2,4370315736,0.25,income,,,0.0,0.0,1.0367617702159024,,
128,8,2,4370315727,0.125,age,4.565235977069635e-06,4.029033699690681e-05,0.0004145823063678912,6.86442885556365e-07,0.0024262154110751178,0.00021498111237369666,1.0
128,8,2,4370315727,0.125,workclass,,,0.17002868279091127,1.0824138124762823,12.978244156656427,,
128,8,2,4370315727,0.125,fnlwgt,2.711526768643119e-10,7.442779199908014e-09,6.018120136941635e-08,1.456069687051729e-14,0.007032953533368115,3.071158748202407e-05,1.0
128,8,2,4370315727,0.125,education,,,0.006523565632506198,0.00016590814254303736,20.070575228033537,,
128,8,2,4370315727,0.125,education-num,1.343631952333002e-05,0.0008199899298878153,0.0038471825554372285,5.826232854684464e-05,0.00414606431006416,0.0011670403243143612,1.0
128,8,2,4370315727,0.125,marital-status,,,0.01507402168125518,0.0007815838035802965,8.424618408525536,,
128,8,2,4370315727,0.125,occupation,,,0.1698337739366779,1.0862065178043967,12.253204989558245,,
128,8,2,4370315727,0.125,relationship,,,0.003987912156412974,6.32217338263439e-05,5.072264365345044,,
128,8,2,4370315727,0.125,race,,,0.01105106553936358,0.0004727416316525243,7.091674088633641,,
128,8,2,4370315727,0.125,sex,,,0.0005998455598515268,1.4389669694104493e-06,0.6768219649273671,,
128,8,2,4370315727,0.125,capital-gain,5.466717239134325e-08,9.932175362347375e-08,1.390585314671852e-06,7.734861033320299e-12,0.006080894321427777,0.003777525260280745,0.9736421878960891
128,8,2,4370315727,0.125,capital-loss,1.6215943803611346e-06,4.3432708058193225e-06,3.5420173744813265e-05,5.0182063575036286e-09,0.007247934645741583,0.004760296059703295,0.8525837471083769
128,8,2,4370315727,0.125,hours-per-week,3.415880648502684e-05,7.17848922194149e-06,0.001024017855742846,4.191706032845431e-06,0.005497374159270275,0.002026964773809148,0.9999998869405597
128,8,2,4370315727,0.125,native-country,,,0.09629507646666768,0.32348961927157766,77.88300259113868,,
128,8,2,4370315727,0.125,income,,,0.0,0.0,1.0367617702159024,,
128,8,2,4370315728,0.125,age,1.452575083600845e-05,3.9799079295124127e-05,0.0003212526584759737,4.1254504720846927e-07,0.002303369061147119,0.0002456926998556652,1.0
128,8,2,4370315728,0.125,workclass,,,0.17028095896690415,1.0826590657772843,12.971131120768057,,
128,8,2,4370315728,0.125,fnlwgt,8.343160656546964e-11,2.366827117808341e-11,3.238219373568904e-08,4.3351219783985656e-15,0.006695126071066291,3.071158748202407e-05,1.0
128,8,2,4370315728,0.125,education,,,0.007642625188029305,0.00022494465747170916,20.06547710451153,,
128,8,2,4370315728,0.125,education-num,4.299622247465607e-05,0.0007146836191588031,0.0032684644248287516,4.2391952632116354e-05,0.0032247166856053944,0.0012284634992782706,1.0
128,8,2,4370315728,0.125,marital-status,,,0.014333433369611358,0.0007109405507456589,8.426768219649274,,
128,8,2,4370315728,0.125,occupation,,,0.16980051236460325,1.0861699779726683,12.253370942642654,,
128,8,2,4370315728,0.125,relationship,,,0.0034158599217150843,4.640856599781801e-05,5.074782715518565,,
128,8,2,4370315728,0.125,race,,,0.009182482976440632,0.0003295693901505341,7.094376708332054,,
128,8,2,4370315728,0.125,sex,,,0.0008765744706838408,3.0726218661473494e-06,0.6768219649273671,,
128,8,2,4370315728,0.125,capital-gain,7.217295231385178e-08,1.6751452812111852e-07,3.00520325814968e-06,3.582611735304846e-11,0.007524338933079466,0.004330333834955957,0.9189290377145118
128,8,2,4370315728,0.125,capital-loss,1.4382837112769175e-06,5.307335037411678e-06,3.126028690638093e-05,3.908791296654701e-09,0.006633702896102545,0.00436104542243787,0.9148345038196041
128,8,2,4370315728,0.125,hours-per-week,3.478557357647859e-05,6.239326434555772e-05,0.0009147864217553889,3.3444544377728957e-06,0.004944565584594931,0.0017505604864714863,0.9999999997303403
128,8,2,4370315728,0.125,native-country,,,0.09627968419111747,0.3234736739937948,77.88339114525054,,
128,8,2,4370315728,0.125,income,,,0.0,0.0,1.0367617702159024,,
128,8,2,4370315729,0.125,age,1.452575083600845e-05,8.237846880335417e-05,0.00031474140715850445,3.9623975201313754e-07,0.003101870335678119,0.00018426952489181136,1.0
128,8,2,4370315729,0.125,workclass,,,0.17037696008361725,1.0827551929802448,12.961218157366552,,
128,8,2,4370315729,0.125,fnlwgt,1.04289503265341e-10,6.303639302573618e-09,4.3066124206113606e-08,7.470245873883537e-15,0.007524338933079458,6.14231749638261e-05,1.0
128,8,2,4370315729,0.125,education,,,0.005786079884489195,0.0001310027550609652,20.078253124904027,,
128,8,2,4370315729,0.125,education-num,3.412398609103917e-05,0.0006924245101392525,0.005676707733147155,8.996354825785653e-05,0.003562544147906926,0.001105617149350424,1.0
128,8,2,4370315729,0.125,marital-status,,,0.016291492258960063,0.0008932400089526596,8.425478332975032,,
128,8,2,4370315729,0.125,occupation,,,0.16985429021435255,1.0862266166436048,12.245588598474654,,
128,8,2,4370315729,0.125,relationship,,,0.003656719189907538,5.324033881644015e-05,5.073308559319431,,
128,8,2,4370315729,0.125,race,,,0.0095297523655177,0.0003549247906895432,7.093639630232486,,
128,8,2,4370315729,0.125,sex,,,0.0015911002499512587,1.012098202526424e-05,0.6768219649273671,,
128,8,2,4370315729,0.125,capital-gain,5.98881944735348e-08,8.22339144020445e-08,1.5494420391649663e-06,9.602794539685352e-12,0.006295875433801057,0.0038389484352446823,0.9693413153548728
128,8,2,4370315729,0.125,capital-loss,1.6497960217579536e-06,3.827516472366077e-06,3.3906573390736845e-05,4.598541286806398e-09,0.007186511470777868,0.004821719234667232,0.8416846603139916
128,8,2,4370315729,0.125,hours-per-week,3.729264194235811e-05,1.5063539897435494e-05,0.0010032553597676607,4.024038903492325e-06,0.005251681459414797,0.002211234298700848,0.9999981076906375
128,8,2,4370315729,0.125,native-country,,,0.096213397059732,0.32343823695604584,77.89479687166342,,
128,8,2,4370315729,0.125,income,,,0.0,0.0,1.0367617702159024,,
128,8,2,4370315730,0.125,age,1.2450643573913567e-06,3.5116890777220046e-05,0.0003070571496290421,3.774436129628108e-07,0.002364792236110781,0.0001535579374097873,1.0
128,8,2,4370315730,0.125,workclass,,,0.17021135343177443,1.0825960957246306,12.96688406423728,,
128,8,2,4370315730,0.125,fnlwgt,1.2514739996521235e-10,2.809480334141622e-09,3.7917952003696426e-08,5.692094746097785e-15,0.006203740671354735,3.071158748202407e-05,1.0
128,8,2,4370315730,0.125,education,,,0.006095863531374428,0.00014513527586043997,20.07487485028101,,
128,8,2,4370315730,0.125,education-num,2.8792113264342056e-05,0.0008910419462300859,0.004017317165025973,6.385404552702231e-05,0.003961794785172391,0.0013513098492060893,1.0
128,8,2,4370315730,0.125,marital-status,,,0.013602929498670764,0.0006529516515837294,8.425294063450139,,
128,8,2,4370315730,0.125,occupation,,,0.169902773681553,1.0862756934551552,12.244051799896223,,
128,8,2,4370315730,0.125,relationship,,,0.0032791459400917404,4.282552651152646e-05,5.075704063143023,,
128,8,2,4370315730,0.125,race,,,0.011092464310295152,0.00047748862273879454,7.0911212800589665,,
128,8,2,4370315730,0.125,sex,,,0.0012454261442985442,6.201742075556769e-06,0.6768219649273671,,
128,8,2,4370315730,0.125,capital-gain,6.480209761011634e-08,7.778124376279922e-08,1.6362198931764136e-06,1.0708818334568176e-11,0.006725837658548839,0.004053929547618296,0.9508248135953308
128,8,2,4370315730,0.125,capital-loss,1.3536787870831982e-06,4.6648583637604804e-06,3.1412709709650576e-05,3.946987415320789e-09,0.006449433371210733,0.004207487485028083,0.9342204870408581
128,8,2,4370315730,0.125,hours-per-week,3.917294321678587e-05,8.490533429518116e-05,0.0010170380457525411,4.135045147931738e-06,0.006173029083873217,0.002149811123737022,0.9999991975494386
128,8,2,4370315730,0.125,native-country,,,0.09599419050266224,0.3232919634775669,77.92379692206046,,
128,8,2,4370315730,0.125,income,,,0.0,0.0,1.0367617702159024,,
128,8,2,4370315731,0.125,age,7.885407596747913e-06,1.8577030613012947e-05,0.00032073827283894923,4.117605203389221e-07,0.002180522711219111,0.00012284634992787424,1.0
128,8,2,4370315731,0.125,workclass,,,0.17053412747479108,1.0829089549651527,12.96865627625993,,
128,8,2,4370315731,0.125,fnlwgt,6.465948767599489e-10,1.8316897349656222e-09,4.902733354919125e-08,9.590958637929421e-15,0.007340069408187241,3.071158748202407e-05,1.0
128,8,2,4370315731,0.125,education,,,0.0070863162897116,0.000195499007331196,20.062958754338013,,
128,8,2,4370315731,0.125,education-num,1.535579374096269e-05,0.0011893341148369841,0.005464788802311531,9.25333429828845e-05,0.0038389484352446164,0.0011056171493504519,1.0
128,8,2,4370315731,0.125,marital-status,,,0.013784208212792082,0.0006642543221977236,8.425846872024813,,
128,8,2,4370315731,0.125,occupation,,,0.16978810389941656,1.0861598308749256,12.259747675425164,,
128,8,2,4370315731,0.125,relationship,,,0.0031138569119422655,3.8537252877019834e-05,5.078713798716255,,
128,8,2,4370315731,0.125,race,,,0.011562407737705444,0.0005177940302216766,7.090445625134364,,
128,8,2,4370315731,0.125,sex,,,0.001475888889837811,8.70866525024775e-06,0.6768219649273671,,
128,8,2,4370315731,0.125,capital-gain,7.063735758352794e-08,2.3947349684578663e-07,1.7964141175949495e-06,1.2907806161039965e-11,0.007555050520561601,0.004729584472221382,0.8579149091163801
128,8,2,4370315731,0.125,capital-loss,1.4523845319769582e-06,3.6983874740610775e-06,3.398563989422428e-05,4.620054924842873e-09,0.00669512607106626,0.004207487485028083,0.9342204870408581
128,8,2,4370315731,0.125,hours-per-week,2.601083429593654e-05,1.0693761662387741e-05,0.0009709985643354464,3.768925516022186e-06,0.0052516814594144555,0.0019655415988452107,0.9999999632077614
128,8,2,4370315731,0.125,native-country,,,0.09652762788250348,0.32363912121057636,77.8598183928119,,
128,8,2,4370315731,0.125,income,,,0.0,0.0,1.0367617702159024,,
128,8,2,4370315732,0.125,age,5.8103003344609916e-06,0.00010581403754534514,0.00032659232688832577,4.266072977303888e-07,0.002948312398267905,0.00018426952489175585,1.0
128,8,2,4370315732,0.125,workclass,,,0.17053820783205845,1.082897923306881,12.96642089398872,,
128,8,2,4370315732,0.125,fnlwgt,1.042894834993568e-10,2.233074795938467e-09,6.336359913549704e-08,1.6069991855392386e-14,0.007032953533368126,3.071158748202407e-05,1.0
128,8,2,4370315732,0.125,education,,,0.006480454092438586,0.0001647402727450256,20.066828414360735,,
128,8,2,4370315732,0.125,education-num,6.995417148668458e-05,0.0008395773982207669,0.005067279418999907,8.120935455591883e-05,0.004023217960136341,0.0013513098492060616,1.0
128,8,2,4370315732,0.125,marital-status,,,0.013924955830909962,0.0006748202832666849,8.426583950124382,,
128,8,2,4370315732,0.125,occupation,,,0.16970276284990862,1.0860763540572391,12.247341012374115,,
128,8,2,4370315732,0.125,relationship,,,0.0027560176589578097,3.0297315164240068e-05,5.077239642517122,,
128,8,2,4370315732,0.125,race,,,0.011084643655969768,0.0004749030528051534,7.091735511808605,,
128,8,2,4370315732,0.125,sex,,,0.0010840704127520946,4.699116471461968e-06,0.6768219649273671,,
128,8,2,4370315732,0.125,capital-gain,5.958107552792479e-08,1.22001167358751e-07,1.483283525470928e-06,8.800622736150596e-12,0.006695126071066926,0.004207487485028083,0.9342204870408581
128,8,2,4370315732,0.125,capital-loss,1.1774185283490013e-06,1.0438213869675532e-06,2.574701952151769e-05,2.651612300504654e-09,0.005497374159270096,0.0034089862104971225,0.9912060822266394
128,8,2,4370315732,0.125,hours-per-week,3.760602548812024e-05,3.1481617999274624e-05,0.001213139791645445,5.882737968953544e-06,0.007186511470778038,0.0023955038235926596,0.9999832091799262
128,8,2,4370315732,0.125,native-country,,,0.09615674267510947,0.32342529377634865,77.88365455145039,,
128,8,2,4370315732,0.125,income,,,0.0,0.0,1.0367617702159024,,
128,8,2,4370315733,0.125,age,1.2450643573913567e-06,4.911626818042555e-06,0.0003660647966326129,5.361483813234991e-07,0.002364792236111091,0.0001535579374097873,1.0
128,8,2,4370315733,0.125,workclass,,,0.17022030144321754,1.0826027185835607,12.968354313064866,,
128,8,2,4370315733,0.125,fnlwgt,5.631632701944793e-10,1.7210587525147937e-09,4.027060173799976e-08,6.4962439798535244e-15,0.006725837658547825,6.142317496390937e-05,1.0
128,8,2,4370315733,0.125,education,,,0.005784742856818784,0.00013242793005334647,20.06879395595958,,
128,8,2,4370315733,0.125,education-num,3.924258400466051e-05,0.0006922727719946989,0.005268239618267151,7.648245122256286e-05,0.0032247166856054156,0.0010441939743865147,1.0
128,8,2,4370315733,0.125,marital-status,,,0.013970729179781016,0.0006754478722346361,8.427935259973587,,
128,8,2,4370315733,0.125,occupation,,,0.16971846668342286,1.0860866430541498,12.262340549747252,,
128,8,2,4370315733,0.125,relationship,,,0.0028222412378460637,3.174860507871853e-05,5.077976720616689,,
128,8,2,4370315733,0.125,race,,,0.011169667067462336,0.0004831634987467444,7.0911827032339305,,
128,8,2,4370315733,0.125,sex,,,0.001406755673327312,7.91209792709211e-06,0.6768219649273671,,
128,8,2,4370315733,0.125,capital-gain,5.436005344573323e-08,8.51075021431212e-08,1.4249118675198064e-06,8.121167425794298e-12,0.005988759558981593,0.003593255735388934,0.9840797654029253
128,8,2,4370315733,0.125,capital-loss,1.4171324802301188e-06,3.627070085514831e-06,3.9959437309968316e-05,6.386069187481877e-09,0.006664414483584125,0.004084641135100209,0.9477298708035158
128,8,2,4370315733,0.125,hours-per-week,3.25728958142231e-05,7.964251323547133e-05,0.0011078164123383184,4.9051778577175094e-06,0.005743066859125925,0.002180522711218935,0.9999987563214633
128,8,2,4370315733,0.125,native-country,,,0.09602822275311639,0.32334969755179993,77.89645910994162,,
128,8,2,4370315733,0.125,income,,,0.0,0.0,1.0367617702159024,,
128,8,2,4370315734,0.125,age,1.07905577639304e-05,4.35933022842966e-05,0.00025015698232170474,2.5036676084428145e-07,0.0022112342987009592,0.00018426952489181136,1.0
128,8,2,4370315734,0.125,workclass,,,0.16997672903856836,1.0823583407141801,12.972898965342836,,
128,8,2,4370315734,0.125,fnlwgt,3.7544218012965285e-10,7.584887955866272e-09,3.853988948197454e-08,6.011450486994756e-15,0.006879395595958267,3.071158748202407e-05,1.0
128,8,2,4370315734,0.125,education,,,0.006400280441268525,0.00016005636989044835,20.07032953533368,,
128,8,2,4370315734,0.125,education-num,3.6131279390512065e-05,0.0012846018506569485,0.006419548997067896,0.00011408619540178134,0.00454531494732933,0.0011670403243143612,1.0
128,8,2,4370315734,0.125,marital-status,,,0.016897135997868337,0.0009722188105905517,8.421117287552594,,
128,8,2,4370315734,0.125,occupation,,,0.16981809857483207,1.0861862833381466,12.265879516191704,,
128,8,2,4370315734,0.125,relationship,,,0.002810725858343778,3.1471334335146954e-05,5.0788980682411475,,
128,8,2,4370315734,0.125,race,,,0.01035993327259068,0.000417402557636397,7.092656859433064,,
128,8,2,4370315734,0.125,sex,,,0.0014298006125015804,8.173384230573781e-06,0.6768219649273671,,
128,8,2,4370315734,0.125,capital-gain,5.7124123958497135e-08,8.683022441451598e-08,1.4490999809189335e-06,8.399399031261391e-12,0.006203740671355651,0.0038082368477626583,0.971545201132761
128,8,2,4370315734,0.125,capital-loss,1.4171324802301188e-06,3.656576782703272e-06,3.203999664616668e-05,4.106181687231234e-09,0.006480144958692757,0.004023217960136272,0.9538065440253702
128,8,2,4370315734,0.125,hours-per-week,3.13383545733852e-05,6.125482303184672e-05,0.0010039067283479934,4.028521254881849e-06,0.005773778446607851,0.001996253186327235,0.9999999346522318
128,8,2,4370315734,0.125,native-country,,,0.0962316124776219,0.32346116185590973,77.87990547247713,,
128,8,2,4370315734,0.125,income,,,0.0,0.0,1.0367617702159024,,
128,8,2,4370315735,0.125,age,1.2450643573817547e-05,2.6504883101079526e-05,0.00033072282831184574,4.3741480889850753e-07,0.002334080648628898,0.0003071158748195191,1.0
128,8,2,4370315735,0.125,workclass,,,0.1699117169192742,1.0822904725076545,12.980413569547315,,
128,8,2,4370315735,0.125,fnlwgt,4.1715797352939556e-10,1.943180170180527e-09,4.228942612601087e-08,7.087432412107847e-15,0.0065108565461748456,3.071158748202407e-05,1.0
128,8,2,4370315735,0.125,education,,,0.006389550269121487,0.00015870413985336561,20.075611928380578,,
128,8,2,4370315735,0.125,education-num,3.241778678653162e-05,0.0006302833092341247,0.0054007092896466245,9.675386466663618e-05,0.0046988728847392495,0.0014741561991338248,0.9999999999999848
128,8,2,4370315735,0.125,marital-status,,,0.014755938433650037,0.0007443979175910428,8.428180952673443,,
128,8,2,4370315735,0.125,occupation,,,0.16978885199327323,1.0861609757995365,12.250416544834458,,
128,8,2,4370315735,0.125,relationship,,,0.0035806854019073964,5.103770928819966e-05,5.073492828844323,,
128,8,2,4370315735,0.125,race,,,0.010617483406779728,0.0004388797846804909,7.091919781333497,,
128,8,2,4370315735,0.125,sex,,,0.0009457446113644302,3.5765898446316145e-06,0.6768219649273671,,
128,8,2,4370315735,0.125,capital-gain,5.528141028256328e-08,1.1826720316314236e-07,1.519559427913292e-06,9.235010484371079e-12,0.005835201621571917,0.0038082368477626583,0.971545201132761
128,8,2,4370315735,0.125,capital-loss,1.1985697593990624e-06,3.568038667896153e-06,2.4938777167937458e-05,2.487740496108289e-09,0.005405239396824135,0.0035011209729430837,0.9880205548148414
128,8,2,4370315735,0.125,hours-per-week,4.125900136465866e-05,0.00015971925633344837,0.0011536123244009161,5.319444053130601e-06,0.006111605908909428,0.0023033690611468094,0.9999939740455374
128,8,2,4370315735,0.125,native-country,,,0.09600767906007811,0.32327966887534837,77.92423484021712,,
128,8,2,4370315735,0.125,income,,,0.0,0.0,1.0367617702159024,,
128,8,2,4370315736,0.125,age,2.905150167182486e-06,9.433391897375428e-05,0.00024340778536973052,2.3709833683582958e-07,0.002364792236110481,0.0001535579374097873,1.0
128,8,2,4370315736,0.125,workclass,,,0.17044381774731598,1.0827997570238967,12.959140280027862,,
128,8,2,4370315736,0.125,fnlwgt,8.343160656546964e-11,9.155525185358583e-10,4.516693066277486e-08,8.205181817823334e-15,0.006510856546174041,3.071158748202407e-05,1.0
128,8,2,4370315736,0.125,education,,,0.007337480599625386,0.00020858741543970205,20.060501827339458,,
128,8,2,4370315736,0.125,education-num,1.9194742176265045e-05,0.001052535530585873,0.0034426433525026243,4.690222359234379e-05,0.003562544147906908,0.0011056171493504519,1.0
128,8,2,4370315736,0.125,marital-status,,,0.014238774826194277,0.0007050698981116029,8.426153987899635,,
128,8,2,4370315736,0.125,occupation,,,0.16971918374557643,1.0860877583235367,12.25593289658515,,
128,8,2,4370315736,0.125,relationship,,,0.003371652882158385,4.528035575875012e-05,5.073799944719143,,
128,8,2,4370315736,0.125,race,,,0.008538159280856087,0.0002851156817122606,7.095605171831332,,
128,8,2,4370315736,0.125,sex,,,0.0009457446113644302,3.5765898446316145e-06,0.6768219649273671,,
128,8,2,4370315736,0.125,capital-gain,6.879464390759409e-08,1.2026270559988293e-07,1.6376866955145671e-06,1.0728106283586779e-11,0.007370780995669568,0.004422468597401807,0.9063284041429343
128,8,2,4370315736,0.125,capital-loss,1.522888635470637e-06,6.002964042166814e-06,3.2490746455193e-05,4.222539435321613e-09,0.007247934645741472,0.0044531801848837205,0.901919897081661
128,8,2,4370315736,0.125,hours-per-week,3.071158748193344e-05,2.3775345876674637e-05,0.0009264584513600548,3.431773834556549e-06,0.0055895089217161634,0.002057676361291061,0.9999998091642943
128,8,2,4370315736,0.125,native-country,,,0.09647876268359958,0.3236146898140121,77.85058790216729,,
128,8,2,4370315736,0.125,income,,,0.0,0.0,1.0367617702159024,,
128,16,2,4370315727,0.0625,age,1.051766694583782e-05,3.679945015284845e-05,0.00030114733654743676,3.619922058082169e-07,0.0017505604864716268,0.00012284634992787424,1.0
128,16,2,4370315727,0.0625,workclass,,,0.16952636063657223,1.0818939028295884,12.996595968206917,,
128,16,2,4370315727,0.0625,fnlwgt,4.171581316572692e-11,2.9009913053813677e-09,2.7936142121496902e-08,3.0021177998542725e-15,0.0031325819231605434,3.071158748202407e-05,1.0
128,16,2,4370315727,0.0625,education,,,0.0031949698608973506,4.0446881632605e-05,20.109763213660514,,
128,16,2,4370315727,0.0625,education-num,1.9194742175709933e-06,0.0005914661104811671,0.002035045860499523,1.6468942504831195e-05,0.0020576763612910167,0.0006756549246030308,1.0
128,16,2,4370315727,0.0625,marital-status,,,0.0076093874194749405,0.0002108499365973737,8.442001167040324,,
128,16,2,4370315727,0.0625,occupation,,,0.16951035515452095,1.0858598010819855,12.283009142135786,,
128,16,2,4370315727,0.0625,relationship,,,0.002086338472411736,1.7360737359336685e-05,5.081232148889777,,
128,16,2,4370315727,0.0625,race,,,0.0055234082582732635,0.0001199192735585311,7.101501796627867,,
128,16,2,4370315727,0.0625,sex,,,0.0003691789232208889,5.451041984931657e-07,0.6768219649273671,,
128,16,2,4370315727,0.0625,capital-gain,2.9790537765099275e-08,6.611817016124231e-08,7.645413207789435e-07,2.3380481386988786e-12,0.0033475630355335184,0.002119099536254998,0.9999994922443413
128,16,2,4370315727,0.0625,capital-loss,6.979906245900289e-07,1.992959127303469e-06,1.446668627130195e-05,8.371338611761464e-10,0.003101870335677548,0.002057676361291061,0.9999998091642943
128,16,2,4370315727,0.0625,hours-per-week,1.880301274406012e-05,1.927746779231636e-05,0.0005248051704545622,1.101316211418551e-06,0.0028254660483400286,0.0009213476244587238,1.0
128,16,2,4370315727,0.0625,native-country,,,0.09523788792864021,0.32279338321511164,78.04552639284961,,
128,16,2,4370315727,0.0625,income,,,0.0,0.0,1.0367617702159024,,
128,16,2,4370315728,0.0625,age,8.300429048955646e-07,1.471755047510251e-05,0.0001425686741434198,8.129908102357207e-08,0.0012284634992786128,0.00012284634992781873,1.0
128,16,2,4370315728,0.0625,workclass,,,0.1695373928187343,1.081903677776592,12.994241510871836,,
128,16,2,4370315728,0.0625,fnlwgt,2.2943688346456916e-10,2.511285002807848e-09,2.2244417892669608e-08,2.0106633555307145e-15,0.003716102085316647,3.071158748202407e-05,1.0
128,16,2,4370315728,0.0625,education,,,0.005058096700652772,9.874862072558385e-05,20.105832130462822,,
128,16,2,4370315728,0.0625,education-num,1.637951332362775e-05,0.00036935612783898315,0.001693579298043618,1.1428805199821903e-05,0.0017198488989895733,0.0006142317496391214,1.0
128,16,2,4370315728,0.0625,marital-status,,,0.00596922146322596,0.00013335507038290365,8.443966708639168,,
128,16,2,4370315728,0.0625,occupation,,,0.16955696896270228,1.0859108904483081,12.285635833809174,,
128,16,2,4370315728,0.0625,relationship,,,0.0018477803262388556,1.3622817662245013e-05,5.082460612389054,,
128,16,2,4370315728,0.0625,race,,,0.004657903396221229,8.571368486561421e-05,7.103283068701821,,
128,16,2,4370315728,0.0625,sex,,,0.0002768971652009425,3.066594082221379e-07,0.6768219649273671,,
128,16,2,4370315728,0.0625,capital-gain,3.900410614476857e-08,3.4842601768498565e-08,1.3665880644315413e-06,7.466431956875026e-12,0.0039617947851723345,0.002149811123737022,0.9999991975494386
128,16,2,4370315728,0.0625,capital-loss,7.75545138433728e-07,2.712631769053432e-06,1.742211398592835e-05,1.2141186014756138e-09,0.0035011209729430837,0.0023955038235925485,0.9999832091799263
128,16,2,4370315728,0.0625,hours-per-week,1.880301274406012e-05,8.399737647451019e-06,0.0005609068728218699,1.2576506490763101e-06,0.0025797733484845143,0.0009213476244587238,1.0
128,16,2,4370315728,0.0625,native-country,,,0.09534911672434468,0.32284863316789364,78.04077074887918,,
128,16,2,4370315728,0.0625,income,,,0.0,0.0,1.0367617702159024,,
128,16,2,4370315729,0.0625,age,2.4901287147827134e-06,3.68885917988356e-05,0.0001655576538396664,1.096296891151577e-07,0.0015355793740978762,9.213476244587099e-05,1.0
128,16,2,4370315729,0.0625,workclass,,,0.16948110660183416,1.0818417726546885,12.992644492799172,,
128,16,2,4370315729,0.0625,fnlwgt,4.171581316572692e-11,2.8059436340366614e-09,2.85326352049816e-08,3.2824427323540714e-15,0.0035011209729432675,6.14231749638261e-05,1.0
128,16,2,4370315729,0.0625,education,,,0.0030682323937152485,3.727329743672162e-05,20.112342987009,,
128,16,2,4370315729,0.0625,education-num,5.4196919085402374e-06,0.0004068856324876072,0.003815939888554787,3.7970320174935654e-05,0.0015662909615797374,0.0006142317496391214,1.0
128,16,2,4370315729,0.0625,marital-status,,,0.007699656740529267,0.00021631123553765314,8.441694051165504,,
128,16,2,4370315729,0.0625,occupation,,,0.16966108462487708,1.086022306222235,12.277500027976446,,
128,16,2,4370315729,0.0625,relationship,,,0.0018687498948512541,1.3936199812395562e-05,5.08190780381438,,
128,16,2,4370315729,0.0625,race,,,0.004735387383288928,8.873926961475902e-05,7.103283068701821,,
128,16,2,4370315729,0.0625,sex,,,0.0009226884344013015,3.4043555019751173e-06,0.6768219649273671,,
128,16,2,4370315729,0.0625,capital-gain,2.9790537765099275e-08,3.725964128912217e-08,7.493092075410238e-07,2.2460146916967565e-12,0.003040447160713722,0.0019041184238813846,0.9999999892936682
128,16,2,4370315729,0.0625,capital-loss,8.24898010880608e-07,1.9139967003807046e-06,1.6946749911291857e-05,1.148759056497441e-09,0.003593255735388823,0.0024569269985564857,0.9999688262738718
128,16,2,4370315729,0.0625,hours-per-week,1.9743163381274e-05,2.9973958109814847e-06,0.0005210513061551209,1.0857754877733857e-06,0.002856177635822056,0.001074905561868511,1.0
128,16,2,4370315729,0.0625,native-country,,,0.09522195187680715,0.322780744139678,78.05678672121736,,
128,16,2,4370315729,0.0625,income,,,0.0,0.0,1.0367617702159024,,
128,16,2,4370315730,0.0625,age,4.15021452495792e-07,2.4747440437407928e-05,0.00023446210246230872,2.1997787742238165e-07,0.0016277141365437715,0.0001535579374097873,1.0
128,16,2,4370315730,0.0625,workclass,,,0.16943662949329577,1.081800412008041,12.994104815855751,,
128,16,2,4370315730,0.0625,fnlwgt,1.6686319336495507e-10,2.0056959278754892e-09,2.676457118787841e-08,2.959583233853398e-15,0.00337827462301497,3.071158748202407e-05,1.0
128,16,2,4370315730,0.0625,education,,,0.0025216652890099446,2.5285142472919692e-05,20.117133994656186,,
128,16,2,4370315730,0.0625,education-num,1.9194742176820156e-06,0.000627771970907705,0.0023571724146293736,2.207575216905448e-05,0.002364792236110631,0.0008292128620128181,1.0
128,16,2,4370315730,0.0625,marital-status,,,0.0077955587578521215,0.0002242134140853008,8.439605663216733,,
128,16,2,4370315730,0.0625,occupation,,,0.16962852534507156,1.0859891859717352,12.27623208968521,,
128,16,2,4370315730,0.0625,relationship,,,0.001562704827534204,9.749771734078963e-06,5.084180461288044,,
128,16,2,4370315730,0.0625,race,,,0.006171255215932247,0.00014980618011861072,7.09996621725377,,
128,16,2,4370315730,0.0625,sex,,,0.0006920971329469519,1.9155457640996146e-06,0.6768219649273671,,
128,16,2,4370315730,0.0625,capital-gain,3.009765671070929e-08,4.637789487637534e-08,7.741547531470589e-07,2.397712664249332e-12,0.003194005098123842,0.001996253186327235,0.9999999346522318
128,16,2,4370315730,0.0625,capital-loss,7.402930866868886e-07,2.1336527815209013e-06,1.9179153578120043e-05,1.4713499482763633e-09,0.0035318325604247747,0.002211234298700848,0.9999981076906375
128,16,2,4370315730,0.0625,hours-per-week,2.068331401848788e-05,1.6127727795724176e-05,0.0005046479517903193,1.0184656524462608e-06,0.0029483123982678976,0.001013482386904574,1.0
128,16,2,4370315730,0.0625,native-country,,,0.09527704785070805,0.3228141645684952,78.04951413454137,,
128,16,2,4370315730,0.0625,income,,,0.0,0.0,1.0367617702159024,,
128,16,2,4370315731,0.0625,age,5.048480133982687e-06,9.742780086278322e-06,0.00026095792437692665,2.7268289110384437e-07,0.0014127330241699588,9.213476244590568e-05,1.0
128,16,2,4370315731,0.0625,workclass,,,0.1696849760508631,1.0820595830743474,12.989923924254745,,
128,16,2,4370315731,0.0625,fnlwgt,1.8772109006482642e-10,1.4133705428289771e-09,4.306515819663868e-08,7.345070459151283e-15,0.003163293510641471,3.071158748202407e-05,1.0
128,16,2,4370315731,0.0625,education,,,0.003538492576627222,4.938634381159281e-05,20.11111452350972,,
128,16,2,4370315731,0.0625,education-num,6.824797218227572e-06,0.0006041656600683678,0.004013812630957324,4.319484011811315e-05,0.0018426952489173985,0.0006142317496391214,1.0
128,16,2,4370315731,0.0625,marital-status,,,0.007252647952639938,0.00019397959966580306,8.441816897515432,,
128,16,2,4370315731,0.0625,occupation,,,0.16959815440340045,1.085957623338431,12.277840816168082,,
128,16,2,4370315731,0.0625,relationship,,,0.001503683406269679,9.01286786400893e-06,5.085961733361998,,
128,16,2,4370315731,0.0625,race,,,0.005291276996186575,0.0001104521552982785,7.101931758852615,,
128,16,2,4370315731,0.0625,sex,,,0.0012915229672405264,6.669224079018307e-06,0.6768219649273671,,
128,16,2,4370315731,0.0625,capital-gain,3.439732195379704e-08,1.782403527751338e-07,8.439448891100947e-07,2.8488155476883192e-12,0.003562544147907132,0.0024262154110745726,0.9999769834687259
128,16,2,4370315731,0.0625,capital-loss,6.133857003995718e-07,1.0739674633772353e-06,1.8285686344742008e-05,1.3374520899099463e-09,0.0027947544608577513,0.0017812720739533994,0.9999999993915197
128,16,2,4370315731,0.0625,hours-per-week,1.0655040554969817e-05,5.215776478552773e-06,0.00041111043679607653,6.758866529348702e-07,0.002272657473664553,0.0007370780995669124,1.0
128,16,2,4370315731,0.0625,native-country,,,0.09532041629356257,0.32282684977571985,78.05366891305599,,
128,16,2,4370315731,0.0625,income,,,0.0,0.0,1.0367617702159024,,
128,16,2,4370315732,0.0625,age,3.320171619678278e-06,9.681379716560711e-06,0.00021029364062498789,1.7689971121247929e-07,0.0019655415988451574,0.0001535579374097873,1.0
128,16,2,4370315732,0.0625,workclass,,,0.16971371816779468,1.0820798833091216,12.992179717948883,,
128,16,2,4370315732,0.0625,fnlwgt,2.2943690323055334e-10,3.0217133403142396e-09,5.6364359394911396e-08,1.2908145665654976e-14,0.004084641135100011,3.071158748202407e-05,1.0
128,16,2,4370315732,0.0625,education,,,0.0032004287682347583,4.0530344558922294e-05,20.112281563834035,,
128,16,2,4370315732,0.0625,education-num,9.78931850987852e-05,0.0006042719190989913,0.0019765144038486563,1.5552090687924946e-05,0.0025490617610023514,0.0008292128620127626,1.0
128,16,2,4370315732,0.0625,marital-status,,,0.00822834946358755,0.000247357189080396,8.439482816866805,,
128,16,2,4370315732,0.0625,occupation,,,0.169526047674594,1.0858783033118704,12.28273468418367,,
128,16,2,4370315732,0.0625,relationship,,,0.0013279160480997299,7.0422807955828216e-06,5.084733269862719,,
128,16,2,4370315732,0.0625,race,,,0.005163935175812709,0.00010485277027149167,7.1024231442523265,,
128,16,2,4370315732,0.0625,sex,,,0.0005537165436177329,1.2261784526015505e-06,0.6768219649273671,,
128,16,2,4370315732,0.0625,capital-gain,2.8254943034775433e-08,4.8504185701804435e-08,7.979592298345272e-07,2.546581968588758e-12,0.003132581923159683,0.002057676361291172,0.9999998091642943
128,16,2,4370315732,0.0625,capital-loss,6.486377521464112e-07,5.373724811385246e-07,1.6641769644514745e-05,1.1077929416007002e-09,0.003071158748195524,0.0017812720739533994,0.9999999993915197
128,16,2,4370315732,0.0625,hours-per-week,1.6295944378180602e-05,9.913255178833655e-06,0.0006383502886954465,1.6294097901251624e-06,0.0036239673228709753,0.0011670403243143612,1.0
128,16,2,4370315732,0.0625,native-country,,,0.09514629437349749,0.3227348205695723,78.05470254570324,,
128,16,2,4370315732,0.0625,income,,,0.0,0.0,1.0367617702159024,,
128,16,2,4370315733,0.0625,age,1.6600858097911293e-06,1.3481242918163671e-05,0.00022104467503155782,1.954259786898727e-07,0.0017198488989900167,0.0001842695248917281,1.0
128,16,2,4370315733,0.0625,workclass,,,0.1695761688678667,1.081944419957506,12.99291163442801,,
128,16,2,4370315733,0.0625,fnlwgt,3.128684900300388e-10,1.7312355824320122e-09,3.191820272977349e-08,3.973826993858872e-15,0.003163293510641623,3.071158748202407e-05,1.0
128,16,2,4370315733,0.0625,education,,,0.003533622842663615,4.941323590966712e-05,20.107122017137065,,
128,16,2,4370315733,0.0625,education-num,2.3485331603848516e-05,0.0003364543200859022,0.004464228121928501,4.6519791815894536e-05,0.0017505604864715071,0.000552808574675212,1.0
128,16,2,4370315733,0.0625,marital-status,,,0.007960467446028708,0.00023026573715781494,8.441632627990542,,
128,16,2,4370315733,0.0625,occupation,,,0.16951776944264182,1.0858675938318603,12.288312305756218,,
128,16,2,4370315733,0.0625,relationship,,,0.0011423999692442852,5.212845393640824e-06,5.086207426061852,,
128,16,2,4370315733,0.0625,race,,,0.005962052018120034,0.00013994173088431225,7.1005190258284445,,
128,16,2,4370315733,0.0625,sex,,,0.0006229092603523844,1.551737041427157e-06,0.6768219649273671,,
128,16,2,4370315733,0.0625,capital-gain,2.7333586195671624e-08,5.15328078390866e-08,7.475629874511286e-07,2.235187112657066e-12,0.0029176008107859586,0.0017812720739535104,0.9999999993915197
128,16,2,4370315733,0.0625,capital-loss,7.120914452900696e-07,1.5215381718801647e-06,2.195306308008507e-05,1.927686774436077e-09,0.0034089862104966784,0.002057676361291061,0.9999998091642943
128,16,2,4370315733,0.0625,hours-per-week,1.441564310375284e-05,8.693686702309788e-06,0.000598219100780625,1.4300553238479544e-06,0.0030097355732315936,0.001074905561868511,1.0
128,16,2,4370315733,0.0625,native-country,,,0.09533190209783689,0.32284483781815404,78.04135663841576,,
128,16,2,4370315733,0.0625,income,,,0.0,0.0,1.0367617702159024,,
128,16,2,4370315734,0.0625,age,1.6600858098871487e-06,1.9366102703441116e-05,0.00017651765776276044,1.246943463215709e-07,0.0014127330241703409,0.00012284634992781873,1.0
128,16,2,4370315734,0.0625,workclass,,,0.16934793842225376,1.0817017941207083,12.998780685675737,,
128,16,2,4370315734,0.0625,fnlwgt,2.0857898676469778e-10,9.856051863884455e-09,3.28994219745248e-08,4.345626129302892e-15,0.0034396977979783833,3.071158748202407e-05,1.0
128,16,2,4370315734,0.0625,education,,,0.0031382240409945543,3.8988651386578574e-05,20.111483062559504,,
128,16,2,4370315734,0.0625,education-num,1.987220366478686e-05,0.0005128534389853836,0.0036106267501553606,3.591685850856991e-05,0.0022419458861826875,0.0006756549246030308,1.0
128,16,2,4370315734,0.0625,marital-status,,,0.008725670830943196,0.0002759114576579054,8.439175700991985,,
128,16,2,4370315734,0.0625,occupation,,,0.1695112535624229,1.0858591031487197,12.293942152516866,,
128,16,2,4370315734,0.0625,relationship,,,0.0015422669308864966,9.492347315779703e-06,5.083873345413225,,
128,16,2,4370315734,0.0625,race,,,0.0062040114284799604,0.00015108710283708764,7.100334756303553,,
128,16,2,4370315734,0.0625,sex,,,0.0008765744706838408,3.0726218661473494e-06,0.6768219649273671,,
128,16,2,4370315734,0.0625,capital-gain,2.6105110410957797e-08,4.11084849822725e-08,7.144115390192459e-07,2.0412077135461644e-12,0.0029176008107858475,0.0017198488989895733,0.9999999998856801
128,16,2,4370315734,0.0625,capital-loss,7.543939073869293e-07,2.2402573976382507e-06,1.7453262825256456e-05,1.2184573692246245e-09,0.0034704093854611706,0.002119099536254998,0.9999994922443413
128,16,2,4370315734,0.0625,hours-per-week,1.1908574737873323e-05,5.224230271876621e-05,0.000477297208796792,9.105612508172908e-07,0.002456926998556502,0.0007985012745308495,1.0
128,16,2,4370315734,0.0625,native-country,,,0.09525513144308058,0.32281094848512215,78.03513650539907,,
128,16,2,4370315734,0.0625,income,,,0.0,0.0,1.0367617702159024,,
128,16,2,4370315735,0.0625,age,6.7313068453751394e-06,5.8272005259494e-06,0.0002468541718332181,2.4372904289785714e-07,0.0015970025490616747,0.00018426952489170034,1.0
128,16,2,4370315735,0.0625,workclass,,,0.16939520745978734,1.0817520186327987,12.998671150386452,,
128,16,2,4370315735,0.0625,fnlwgt,4.1715797352939556e-10,8.02539465652748e-10,3.086394755084784e-08,3.809042261640683e-15,0.003255428273087377,3.071158748202407e-05,1.0
128,16,2,4370315735,0.0625,education,,,0.003928251805556493,6.030737739665831e-05,20.112588679708853,,
128,16,2,4370315735,0.0625,education-num,9.597371088077011e-06,4.594813132649694e-05,0.0023404874834886823,2.109642798281766e-05,0.0021190995362549104,0.0007063665120849993,1.0
128,16,2,4370315735,0.0625,marital-status,,,0.008510806554672627,0.0002612685820152802,8.44114124259083,,
128,16,2,4370315735,0.0625,occupation,,,0.16955643806241832,1.0859102010236945,12.280454658555104,,
128,16,2,4370315735,0.0625,relationship,,,0.0015067758589595154,9.067829126571192e-06,5.083627652713369,,
128,16,2,4370315735,0.0625,race,,,0.006520429782215812,0.00016685831279010846,7.0995362550290215,,
128,16,2,4370315735,0.0625,sex,,,0.00039224801323659145,6.153523315429897e-07,0.6768219649273671,,
128,16,2,4370315735,0.0625,capital-gain,2.4569515682907716e-08,4.149940830747594e-08,5.746270986947755e-07,1.320718251606179e-12,0.002579773348484693,0.00159700254906181,0.9999999999977898
128,16,2,4370315735,0.0625,capital-loss,6.204361107463299e-07,2.1582953997916888e-06,1.3118430213041368e-05,6.883686443091173e-10,0.0028254660483398863,0.0018734068363993606,0.999999994487407
128,16,2,4370315735,0.0625,hours-per-week,1.1788286104157431e-05,8.70854909270253e-05,0.0004822608471592428,9.299875394599246e-07,0.0025183501735204497,0.0008599244494947866,1.0
128,16,2,4370315735,0.0625,native-country,,,0.09508835956771382,0.32269363658038,78.07354683967229,,
128,16,2,4370315735,0.0625,income,,,0.0,0.0,1.0367617702159024,,
128,16,2,4370315736,0.0625,age,2.524240067040011e-06,4.002783656994537e-05,0.00017964930470823785,1.292243123323019e-07,0.0011056171493505212,0.00018426952489170034,1.0
128,16,2,4370315736,0.0625,workclass,,,0.1696773511524092,1.0820438413517877,12.988708197067844,,
128,16,2,4370315736,0.0625,fnlwgt,2.0857898676469778e-10,6.81837680340417e-12,3.502203421647339e-08,4.848569202379376e-15,0.0036853904978343993,3.071158748202407e-05,1.0
128,16,2,4370315736,0.0625,education,,,0.003906359160910493,6.028069976224762e-05,20.10122539234053,,
128,16,2,4370315736,0.0625,education-num,2.8792113264342056e-05,0.0005808389198811568,0.001912611435868538,1.4373954773799775e-05,0.0018734068363993586,0.0005220969871932712,1.0
128,16,2,4370315736,0.0625,marital-status,,,0.009668171365183073,0.0003330988886437111,8.439298547341911,,
128,16,2,4370315736,0.0625,occupation,,,0.1695760134781433,1.0859323960489313,12.278982772871124,,
128,16,2,4370315736,0.0625,relationship,,,0.0016536344840862242,1.0915208147175507e-05,5.082767728263873,,
128,16,2,4370315736,0.0625,race,,,0.004436785252418348,7.777177180315543e-05,7.103713030926568,,
128,16,2,4370315736,0.0625,sex,,,0.00046145204658859545,8.51619018217716e-07,0.6768219649273671,,
128,16,2,4370315736,0.0625,capital-gain,3.409020300818702e-08,5.433213725894315e-08,8.027329711202889e-07,2.5776234093704284e-12,0.003716102085316919,0.002057676361291172,0.9999998091642943
128,16,2,4370315736,0.0625,capital-loss,8.24898010880608e-07,3.05889041254568e-06,1.7793111517667144e-05,1.2663704158853162e-09,0.0038389484352442382,0.0023033690611466984,0.9999939740455375
128,16,2,4370315736,0.0625,hours-per-week,2.0056546926963624e-05,5.024056049680389e-06,0.00048712626492640985,9.488926054122967e-07,0.002702619698412276,0.0011670403243143612,1.0
128,16,2,4370315736,0.0625,native-country,,,0.0952671197006212,0.3228187657322377,78.03518897584999,,
128,16,2,4370315736,0.0625,income,,,0.0,0.0,1.0367617702159024,,
128,32,2,4370315727,0.03125,age,6.7313068453751394e-06,4.83098086474279e-05,0.00018099425167475514,1.3099871181222485e-07,0.0010441939743866587,9.213476244590568e-05,1.0
128,32,2,4370315727,0.03125,workclass,,,0.16920447478728118,1.0815383963782383,13.010377005958983,,
128,32,2,4370315727,0.03125,fnlwgt,2.2943690323055334e-10,3.336813885368371e-09,2.2960939642555237e-08,2.2955960813238265e-15,0.0015662909615806325,3.071158748202407e-05,1.0
128,32,2,4370315727,0.03125,education,,,0.0017263407237317556,1.1884121450913925e-05,20.128435858849542,,
128,32,2,4370315727,0.03125,education-num,1.1516845305759027e-05,0.00021576766371028222,0.0011402871809379847,5.155710491583652e-06,0.00098277079942251,0.00036853904978348395,1.0
128,32,2,4370315727,0.03125,marital-status,,,0.0028768202190405175,3.18736421912826e-05,8.450907527410093,,
128,32,2,4370315727,0.03125,occupation,,,0.1694634274665534,1.0858030541806305,12.29788858190976,,
128,32,2,4370315727,0.03125,relationship,,,0.001306516942957501,6.815319713837729e-06,5.085777463837106,,
128,32,2,4370315727,0.03125,race,,,0.0034952847248159043,4.8215761069639546e-05,7.106169957925125,,
128,32,2,4370315727,0.03125,sex,,,0.0002538253755567737,2.5768713528566325e-07,0.6768219649273671,,
128,32,2,4370315727,0.03125,capital-gain,1.9348493600716154e-08,3.939199373877006e-08,4.855426600805931e-07,9.428160367762133e-13,0.00205767636129095,0.0012898866742422355,1.0
128,32,2,4370315727,0.03125,capital-loss,3.807221588684748e-07,1.2573241540180642e-06,8.024256446933113e-06,2.5755386876858106e-10,0.0017198488989894622,0.0011977519117962743,1.0
128,32,2,4370315727,0.03125,hours-per-week,1.253534182939758e-05,3.313192444833249e-05,0.000329893868228451,4.352363938232182e-07,0.001658425724025709,0.0004606738122293619,1.0
128,32,2,4370315727,0.03125,native-country,,,0.0949262735186661,0.32257503420439204,78.14457693303468,,
128,32,2,4370315727,0.03125,income,,,0.0,0.0,1.0367617702159024,,
128,32,2,4370315728,0.03125,age,3.3656534226875697e-06,5.504240944089676e-06,0.0001301847565984054,6.778806716050258e-08,0.000921347624458755,0.00012284634992781873,1.0
128,32,2,4370315728,0.03125,workclass,,,0.16917782874290235,1.0815082869051083,13.010774843196273,,
128,32,2,4370315728,0.03125,fnlwgt,6.257370986559828e-11,7.84730014496003e-10,1.973571655916877e-08,1.4313823371603867e-15,0.001996253186327124,3.071158748202407e-05,1.0
128,32,2,4370315728,0.03125,education,,,0.0022140759045199744,1.939970801879162e-05,20.127698780749974,,
128,32,2,4370315728,0.03125,education-num,4.094878330936543e-06,0.00019557664427091815,0.0007645744509459609,2.3342716934089204e-06,0.0007985012745308773,0.000276404287337606,1.0
128,32,2,4370315728,0.03125,marital-status,,,0.003319611472116608,4.229890487662385e-05,8.450416142010381,,
128,32,2,4370315728,0.03125,occupation,,,0.16946085822659282,1.0857997062895604,12.301736378885794,,
128,32,2,4370315728,0.03125,relationship,,,0.001121922680230898,5.026389661180373e-06,5.08614600288689,,
128,32,2,4370315728,0.03125,race,,,0.0022699145777547248,2.0474981564868218e-05,7.10844261539879,,
128,32,2,4370315728,0.03125,sex,,,0.0001153832865066911,5.32511291540872e-08,0.6768219649273671,,
128,32,2,4370315728,0.03125,capital-gain,2.241968305909008e-08,9.837830515388215e-09,9.174311990038711e-07,3.363455822519514e-12,0.0022419458861826502,0.0012591750867602114,1.0
128,32,2,4370315728,0.03125,capital-loss,3.5957092782167613e-07,8.343193757335844e-07,7.386631139348659e-06,2.1824836689934503e-10,0.001566290961579675,0.0010749055618684,1.0
128,32,2,4370315728,0.03125,hours-per-week,1.0968424100659441e-05,4.599038030480456e-06,0.00035792225000482955,5.123108923087204e-07,0.001566290961579831,0.0005835201621571251,1.0
128,32,2,4370315728,0.03125,native-country,,,0.09496040290831965,0.3225967578660094,78.13317409704342,,
128,32,2,4370315728,0.03125,income,,,0.0,0.0,1.0367617702159024,,
128,32,2,4370315729,0.03125,age,2.4901287147827134e-06,1.3450898364669556e-05,9.346442594890135e-05,3.494044518802066e-08,0.0006756549246028145,6.142317496393712e-05,1.0
128,32,2,4370315729,0.03125,workclass,,,0.1692438427112269,1.081585128665114,13.00497756561974,,
128,32,2,4370315729,0.03125,fnlwgt,1.460052768990995e-10,1.6437278928096008e-09,2.0056014749844187e-08,1.572674926053322e-15,0.002057676361291755,3.071158748202407e-05,1.0
128,32,2,4370315729,0.03125,education,,,0.0017027464179646548,1.1521618105927458e-05,20.132059826172416,,
128,32,2,4370315729,0.03125,education-num,0.0,0.000301472273976743,0.0030122541267780145,2.0130749557891736e-05,0.0007985012745307593,0.00024569269985563746,1.0
128,32,2,4370315729,0.03125,marital-status,,,0.005028152251449009,9.479450402786929e-05,8.447406406437148,,
128,32,2,4370315729,0.03125,occupation,,,0.16953852666016955,1.0858897543613755,12.292372296920949,,
128,32,2,4370315729,0.03125,relationship,,,0.0009036130783572432,3.262556155464967e-06,5.086821657811493,,
128,32,2,4370315729,0.03125,race,,,0.002729921119847243,2.96139119756165e-05,7.107521267774332,,
128,32,2,4370315729,0.03125,sex,,,0.00039224801323659145,6.153523315429897e-07,0.6768219649273671,,
128,32,2,4370315729,0.03125,capital-gain,1.4434590464134612e-08,9.142960260402699e-09,4.3204656853697373e-07,7.463997895554425e-13,0.0015048677866158489,0.0009213476244587238,1.0
128,32,2,4370315729,0.03125,capital-loss,3.7367174851845444e-07,8.667785237857145e-07,7.683105706142137e-06,2.3611942009441223e-10,0.001627714136543612,0.0010749055618684,1.0
128,32,2,4370315729,0.03125,hours-per-week,1.0028273463518065e-05,5.033274215751491e-06,0.0002308111381865992,2.1308162019330843e-07,0.0014741561991339289,0.0004913853997112749,1.0
128,32,2,4370315729,0.03125,native-country,,,0.09500285198393414,0.3226220113218241,78.13914755885165,,
128,32,2,4370315729,0.03125,income,,,0.0,0.0,1.0367617702159024,,
128,32,2,4370315730,0.03125,age,3.735193072078051e-06,4.221616681171987e-05,0.00015655880349517542,9.805647428911003e-08,0.0011977519117962944,9.213476244585017e-05,1.0
128,32,2,4370315730,0.03125,workclass,,,0.16919754841278922,1.0815315848940568,13.008236111260327,,
128,32,2,4370315730,0.03125,fnlwgt,1.460052966650837e-10,7.304839648147768e-10,2.2511045767502003e-08,2.0450621889593857e-15,0.0018119836614352673,3.071158748202407e-05,1.0
128,32,2,4370315730,0.03125,education,,,0.0016425330395992868,1.076460229463167e-05,20.130769939498173,,
128,32,2,4370315730,0.03125,education-num,2.4953164829089047e-05,0.0004194293981024471,0.0013197424997562007,6.918061619248254e-06,0.0013820214366879772,0.0003378274623015154,1.0
128,32,2,4370315730,0.03125,marital-status,,,0.004922729736425186,9.168564760524741e-05,8.446423635637727,,
128,32,2,4370315730,0.03125,occupation,,,0.16946997686725238,1.0858109942539544,12.292976035189804,,
128,32,2,4370315730,0.03125,relationship,,,0.0006409297182264151,1.641838487317427e-06,5.088664353060409,,
128,32,2,4370315730,0.03125,race,,,0.003280270405077978,4.2628805572424115e-05,7.1062313811000895,,
128,32,2,4370315730,0.03125,sex,,,0.0004153165637164725,6.898544439806363e-07,0.6768219649273671,,
128,32,2,4370315730,0.03125,capital-gain,1.5970185194458455e-08,1.4611581678668841e-08,4.397095639504871e-07,7.731774148516077e-13,0.001597002549061921,0.001105617149350424,1.0
128,32,2,4370315730,0.03125,capital-loss,3.3841969677161514e-07,8.457784604320653e-07,9.098037574200616e-06,3.3109564682325223e-10,0.001597002549061588,0.001013482386904574,1.0
128,32,2,4370315730,0.03125,hours-per-week,9.088122826304183e-06,2.256048642678903e-06,0.0002626687350383602,2.7596209135379455e-07,0.0015662909615795865,0.0004913853997112749,1.0
128,32,2,4370315730,0.03125,native-country,,,0.09501475665689388,0.3226305796550091,78.1245890966212,,
128,32,2,4370315730,0.03125,income,,,0.0,0.0,1.0367617702159024,,
128,32,2,4370315731,0.03125,age,2.103533389167564e-06,3.068957932047746e-06,0.00022585572871351665,2.0433037504595833e-07,0.0007063665120849438,6.142317496393712e-05,1.0
128,32,2,4370315731,0.03125,workclass,,,0.1693598981591293,1.0817130577298435,13.004511976421561,,
128,32,2,4370315731,0.03125,fnlwgt,1.460052966650837e-10,1.0852214065167747e-09,4.016784353472314e-08,6.389167660285161e-15,0.0015662909615794113,3.071158748202407e-05,1.0
128,32,2,4370315731,0.03125,education,,,0.0016380553995511435,1.0659301911818348e-05,20.132796904271984,,
128,32,2,4370315731,0.03125,education-num,1.4452511756246622e-05,0.00024283911069847815,0.00302419382827979,2.0417442074514265e-05,0.0009213476244586422,0.000276404287337606,1.0
128,32,2,4370315731,0.03125,marital-status,,,0.00460814548574629,7.980260289026676e-05,8.448450600411535,,
128,32,2,4370315731,0.03125,occupation,,,0.16947968298402066,1.085822719412235,12.294242629893091,,
128,32,2,4370315731,0.03125,relationship,,,0.0010157622116275676,4.11826246640121e-06,5.087190196861277,,
128,32,2,4370315731,0.03125,race,,,0.0022835340975514247,2.0740485375664623e-05,7.108381192223827,,
128,32,2,4370315731,0.03125,sex,,,0.000784340100460471,2.4601058191144574e-06,0.6768219649273671,,
128,32,2,4370315731,0.03125,capital-gain,1.5048828355354646e-08,2.9711797701971438e-08,3.6769202914080666e-07,5.413686444927015e-13,0.0015048677866159599,0.001044193974386598,1.0
128,32,2,4370315731,0.03125,capital-loss,3.666213381684341e-07,8.501706585460477e-07,7.5447935238251275e-06,2.2769471780681508e-10,0.001597002549061699,0.001013482386904574,1.0
128,32,2,4370315731,0.03125,hours-per-week,5.6409038232107855e-06,1.5132581073149226e-05,0.00022284059424600226,1.986103562214044e-07,0.0011670403243142398,0.00033782746230148764,1.0
128,32,2,4370315731,0.03125,native-country,,,0.09497436534278392,0.3226009040798906,78.14739144362571,,
128,32,2,4370315731,0.03125,income,,,0.0,0.0,1.0367617702159024,,
128,32,2,4370315732,0.03125,age,4.627773456207575e-06,2.8241710726479832e-05,0.00016246883958847297,1.0558777471267177e-07,0.0012591750867601698,9.213476244585017e-05,1.0
128,32,2,4370315732,0.03125,workclass,,,0.16928615451739637,1.0816272526360238,13.007085660798586,,
128,32,2,4370315732,0.03125,fnlwgt,2.0857898676469778e-10,3.306545183892424e-09,5.281901081743509e-08,1.1067297640249732e-14,0.0022726574736641122,3.071158748202407e-05,1.0
128,32,2,4370315732,0.03125,education,,,0.00160503198827142,1.0236924393246548e-05,20.13353398237155,,
128,32,2,4370315732,0.03125,education-num,4.913853997112009e-05,0.00011623757520875506,0.0007476939343944058,2.234173722638464e-06,0.0010441939743865303,0.0003685390497834007,1.0
128,32,2,4370315732,0.03125,marital-status,,,0.00409602279739942,6.387909223297498e-05,8.448512023586499,,
128,32,2,4370315732,0.03125,occupation,,,0.1694748809560732,1.085817359068165,12.29337266738864,,
128,32,2,4370315732,0.03125,relationship,,,0.000622864669369007,1.5508666116333765e-06,5.0883572371855905,,
128,32,2,4370315732,0.03125,race,,,0.003085064753002468,3.757178131320543e-05,7.107275575074476,,
128,32,2,4370315732,0.03125,sex,,,0.0002307530455968063,2.1297122798939402e-07,0.6768219649273671,,
128,32,2,4370315732,0.03125,capital-gain,1.3206114679420786e-08,2.6581054867181646e-08,4.0275444586272996e-07,6.491055110971543e-13,0.0015048677866159599,0.0009213476244587238,1.0
128,32,2,4370315732,0.03125,capital-loss,3.102180553747961e-07,1.2906034346340426e-06,7.847548524614642e-06,2.4633532361367844e-10,0.0015355793740975399,0.0009520592119406368,1.0
128,32,2,4370315732,0.03125,hours-per-week,5.327520277448656e-06,8.472548042719736e-06,0.00035366963574291223,5.002280093483829e-07,0.0018119836614353228,0.000522096987193299,1.0
128,32,2,4370315732,0.03125,native-country,,,0.09493004653009424,0.3225779624632832,78.13555565552126,,
128,32,2,4370315732,0.03125,income,,,0.0,0.0,1.0367617702159024,,
128,32,2,4370315733,0.03125,age,2.0751072622869215e-06,2.9037377774628446e-06,0.00012181937172270658,5.9359301729797e-08,0.0009520592119408958,9.213476244585017e-05,1.0
128,32,2,4370315733,0.03125,workclass,,,0.16931737764204757,1.0816659992915738,13.006479899050072,,
128,32,2,4370315733,0.03125,fnlwgt,3.7544218012965285e-10,1.047408064050723e-09,2.424618862240084e-08,2.267555143566359e-15,0.001597002549061824,3.071158748202407e-05,1.0
128,32,2,4370315733,0.03125,education,,,0.002456703098987824,2.3824093258767063e-05,20.12604035502595,,
128,32,2,4370315733,0.03125,education-num,1.264594778666355e-05,0.00016729978370936467,0.0029762776708946856,1.926976864860502e-05,0.0008292128620126168,0.0001842695248917281,1.0
128,32,2,4370315733,0.03125,marital-status,,,0.004549288915871698,7.765929793860832e-05,8.449249101686066,,
128,32,2,4370315733,0.03125,occupation,,,0.1694801991166998,1.0858233792541225,12.296888750211924,,
128,32,2,4370315733,0.03125,relationship,,,0.0007279295981044285,2.1166941649713316e-06,5.088541506710483,,
128,32,2,4370315733,0.03125,race,,,0.0034333630976936726,4.67060944692612e-05,7.106231381100089,,
128,32,2,4370315733,0.03125,sex,,,0.0002768971652009425,3.066594082221379e-07,0.6768219649273671,,
128,32,2,4370315733,0.03125,capital-gain,1.1977638894706961e-08,2.4424069747350996e-08,3.169248507572971e-07,4.017427489741016e-13,0.0012591750867603224,0.0008292128620128736,1.0
128,32,2,4370315733,0.03125,capital-loss,3.807221588684748e-07,1.8236221956987174e-06,9.757388734510222e-06,3.8082365758103676e-10,0.0019655415988447666,0.0010749055618684,1.0
128,32,2,4370315733,0.03125,hours-per-week,7.20782155187642e-06,1.4014939779389962e-05,0.0003882794305379951,6.018772815889147e-07,0.0016277141365436468,0.0005835201621571251,1.0
128,32,2,4370315733,0.03125,native-country,,,0.0950199151596145,0.3226342552739229,78.12258793692948,,
128,32,2,4370315733,0.03125,income,,,0.0,0.0,1.0367617702159024,,
128,32,2,4370315734,0.03125,age,2.524240067040011e-06,1.1140605426318638e-05,6.688433742789584e-05,1.7894485475633098e-08,0.0006756549246029891,9.213476244586405e-05,1.0
128,32,2,4370315734,0.03125,workclass,,,0.16917353564362345,1.0815027884104909,13.009053252613754,,
128,32,2,4370315734,0.03125,fnlwgt,1.04289503265341e-10,5.226751287961507e-09,3.3042063592648706e-08,4.49251798171061e-15,0.0017505604864713493,3.071158748202407e-05,1.0
128,32,2,4370315734,0.03125,education,,,0.0016647209717790535,1.1017534227679936e-05,20.131322748072844,,
128,32,2,4370315734,0.03125,education-num,1.4332074158218689e-05,0.00015338607919189364,0.0011589245452126196,5.35976822275454e-06,0.0013205982617240583,0.00039925063726542476,1.0
128,32,2,4370315734,0.03125,marital-status,,,0.005191556123734783,0.00010020771972762602,8.448634869936427,,
128,32,2,4370315734,0.03125,occupation,,,0.1694604460731904,1.0857991625629637,12.299516239060056,,
128,32,2,4370315734,0.03125,relationship,,,0.0010125418504325543,4.09365005312563e-06,5.086698811461565,,
128,32,2,4370315734,0.03125,race,,,0.002706160137041331,2.9097920292819404e-05,7.107459844599368,,
128,32,2,4370315734,0.03125,sex,,,0.00048451897924051303,9.388806860965559e-07,0.6768219649273671,,
128,32,2,4370315734,0.03125,capital-gain,1.289899573381077e-08,2.3502539738686476e-08,4.009640059814322e-07,6.429703605822002e-13,0.0014127330241699987,0.0008906360369768107,1.0
128,32,2,4370315734,0.03125,capital-loss,3.666213381684341e-07,1.3408103243105446e-06,1.1017509687411056e-05,4.85538441829908e-10,0.0017812720739535104,0.001013482386904574,1.0
128,32,2,4370315734,0.03125,hours-per-week,7.834588643328173e-06,2.3277288771668403e-05,0.00033055205201384317,4.3654174752831594e-07,0.0012591750867602036,0.0004606738122293619,1.0
128,32,2,4370315734,0.03125,native-country,,,0.0949414549064117,0.32258643627712114,78.13746301204698,,
128,32,2,4370315734,0.03125,income,,,0.0,0.0,1.0367617702159024,,
128,32,2,4370315735,0.03125,age,2.103533389167564e-06,3.192365574591683e-05,0.0002034100799945869,1.6547356791827745e-07,0.0012591750867601004,0.00012284634992781873,1.0
128,32,2,4370315735,0.03125,workclass,,,0.16918755775420863,1.0815199272454676,13.008036026771547,,
128,32,2,4370315735,0.03125,fnlwgt,2.085789669987136e-11,1.7835779632881877e-09,1.599595965531744e-08,1.04106097908582e-15,0.0016891373115073358,3.071158748202407e-05,1.0
128,32,2,4370315735,0.03125,education,,,0.001245281187963015,6.188396934231973e-06,20.137280796044347,,
128,32,2,4370315735,0.03125,education-num,2.2521830820091774e-05,2.6033235747103364e-05,0.0009709408230094457,3.7650478093948127e-06,0.001197751911796307,0.00039925063726542476,1.0
128,32,2,4370315735,0.03125,marital-status,,,0.004301056966585475,6.989702990476928e-05,8.449003408986211,,
128,32,2,4370315735,0.03125,occupation,,,0.1694618573719655,1.0858010161616263,12.293946642135786,,
128,32,2,4370315735,0.03125,relationship,,,0.0009964519143798427,3.966545098942325e-06,5.0866373882866,,
128,32,2,4370315735,0.03125,race,,,0.0035780731535455437,5.058358765116711e-05,7.105801418875341,,
128,32,2,4370315735,0.03125,sex,,,0.00013845831999725745,7.667922820027255e-08,0.6768219649273671,,
128,32,2,4370315735,0.03125,capital-gain,1.1670519949096945e-08,1.8650027584586128e-08,2.681116438232408e-07,2.8764922931756195e-13,0.0012898866742424575,0.0007063665120849993,1.0
128,32,2,4370315735,0.03125,capital-loss,3.1726846572481644e-07,7.358072268702586e-07,6.526973516720838e-06,1.7040477668796898e-10,0.0013820214366879746,0.0008906360369766997,1.0
128,32,2,4370315735,0.03125,hours-per-week,4.963488885983688e-06,4.7537643661016e-05,0.00028906387217084937,3.341357692636715e-07,0.001412733024169979,0.0004913853997112749,1.0
128,32,2,4370315735,0.03125,native-country,,,0.09494184578007116,0.32258654385755686,78.13861004625552,,
128,32,2,4370315735,0.03125,income,,,0.0,0.0,1.0367617702159024,,
128,32,2,4370315736,0.03125,age,3.3656534226875697e-06,2.3990887022763118e-05,0.00014890977551526203,8.882637121223739e-08,0.0007370780995668291,6.142317496393712e-05,1.0
128,32,2,4370315736,0.03125,workclass,,,0.16933553031814838,1.0816853414621763,13.003861019514908,,
128,32,2,4370315736,0.03125,fnlwgt,8.343158679948544e-11,1.972173027586317e-10,1.80465696204947e-08,1.3262266584871524e-15,0.0017812720739530945,3.071158748202407e-05,1.0
128,32,2,4370315736,0.03125,education,,,0.0019299167050845336,1.48142393559194e-05,20.127084549000337,,
128,32,2,4370315736,0.03125,education-num,3.838948435253009e-06,0.00019871746757427813,0.0010526061360029374,4.390279709401879e-06,0.0010441939743865286,0.0003071158748195746,1.0
128,32,2,4370315736,0.03125,marital-status,,,0.005541761181408512,0.00011377906513304766,8.448389177236571,,
128,32,2,4370315736,0.03125,occupation,,,0.1694871744126272,1.0858312255886813,12.293887552866735,,
128,32,2,4370315736,0.03125,relationship,,,0.0006193464657360316,1.533351714101054e-06,5.088234390835662,,
128,32,2,4370315736,0.03125,race,,,0.0021372528386441056,1.814714494308576e-05,7.1090568471484294,,
128,32,2,4370315736,0.03125,sex,,,0.00034610929353936614,4.791104418268603e-07,0.6768219649273671,,
128,32,2,4370315736,0.03125,capital-gain,1.719866097689852e-08,3.2416363979804e-08,4.455112025499132e-07,7.941761308084662e-13,0.0018426952489174475,0.001074905561868511,1.0
128,32,2,4370315736,0.03125,capital-loss,5.146799555058118e-07,1.9655391740911273e-06,1.1719846604698193e-05,5.494173341571086e-10,0.0024262154110742395,0.0013820214366879746,0.9999999999999999
128,32,2,4370315736,0.03125,hours-per-week,1.0968424100659441e-05,1.7693583556257087e-05,0.00023552861270308457,2.2188092289636842e-07,0.0013820214366880301,0.0005835201621571251,1.0
128,32,2,4370315736,0.03125,native-country,,,0.09497984760323895,0.3226140565716289,78.11875924160901,,
128,32,2,4370315736,0.03125,income,,,0.0,0.0,1.0367617702159024,,
